"","variable","est","se","t","p","study","dv","level","stat","model","formula","data","lb","ub","print"
"1","7. Centrist News",-0.217845157663369,0.0876709465500653,-2.48480444475373,0.013507362127963,1,"Immigration","News Domains","Mean","Model 1
Partisan vs. Non-Partisan News","att_immigrant_fold_r ~ domain_center_mean_ln + domain_left_mean_ln + domain_right_mean_ln","Study 1",-0.421798277785261,-0.0138920375414764,"(B=-0.218; SE=0.088; CI95%=[-0.422,-0.014])"
"2","8. Liberal News",0.160140440611293,0.129502523508861,1.23658162229044,0.217209648726833,1,"Immigration","News Domains","Mean","Model 1
Partisan vs. Non-Partisan News","att_immigrant_fold_r ~ domain_center_mean_ln + domain_left_mean_ln + domain_right_mean_ln","Study 1",-0.141127479636469,0.461408360859055,"(B=0.16; SE=0.13; CI95%=[-0.141,0.461])"
"3","6. Conservative News",0.148902064686764,0.163183381861273,0.912483017500831,0.362247188345648,1,"Immigration","News Domains","Mean","Model 1
Partisan vs. Non-Partisan News","att_immigrant_fold_r ~ domain_center_mean_ln + domain_left_mean_ln + domain_right_mean_ln","Study 1",-0.230719248785002,0.528523378158531,"(B=0.149; SE=0.163; CI95%=[-0.231,0.529])"
"4","5. Congenial News",0.019612817959391,0.113603327421678,0.172642988585988,0.863048086629234,1,"Immigration","News Domains","Mean","Model 2
Congenial vs. Cross-Cutting News","att_immigrant_fold_r ~ domain_congenial_mean_ln + domain_cross_mean_ln","Study 1",-0.244668041271995,0.283893677190777,"(B=0.02; SE=0.114; CI95%=[-0.245,0.284])"
"5","4. Cross-Cutting News",0.00397982497529846,0.089657182185821,0.0443893604312702,0.964623475679261,1,"Immigration","News Domains","Mean","Model 2
Congenial vs. Cross-Cutting News","att_immigrant_fold_r ~ domain_congenial_mean_ln + domain_cross_mean_ln","Study 1",-0.204593970195179,0.212553620145776,"(B=0.004; SE=0.09; CI95%=[-0.205,0.213])"
"6","0. Intercept",67.645912646939,2.82950029283579,23.9073707884804,2.32872839109989e-71,1,"Immigration","News Domains","Mean","Model 3
Strong vs. Weak Partisans","att_immigrant_fold_r ~ domain_congenial_mean_ln + domain_cross_mean_ln | partisan | domain_congenial_mean_ln*partisan + domain_cross_mean_ln*partisan","Study 1",61.0635106561025,74.2283146377755,"(B=67.646; SE=2.83; CI95%=[61.064,74.228])"
"7","5. Congenial News",0.00732279995029627,0.202818372355474,0.0361052101210131,0.971222641111877,1,"Immigration","News Domains","Mean","Model 3
Strong vs. Weak Partisans","att_immigrant_fold_r ~ domain_congenial_mean_ln + domain_cross_mean_ln | partisan | domain_congenial_mean_ln*partisan + domain_cross_mean_ln*partisan","Study 1",-0.464503289395285,0.479148889295878,"(B=0.007; SE=0.203; CI95%=[-0.465,0.479])"
"8","4. Cross-Cutting News",0.0109367642578705,0.164911482641158,0.0663189978205977,0.947168328649073,1,"Immigration","News Domains","Mean","Model 3
Strong vs. Weak Partisans","att_immigrant_fold_r ~ domain_congenial_mean_ln + domain_cross_mean_ln | partisan | domain_congenial_mean_ln*partisan + domain_cross_mean_ln*partisan","Study 1",-0.372704712789309,0.39457824130505,"(B=0.011; SE=0.165; CI95%=[-0.373,0.395])"
"9","3. Partisanship Strength",3.78589448832572,1.39683776546002,2.71033228191601,0.007109817912169,1,"Immigration","News Domains","Mean","Model 3
Strong vs. Weak Partisans","att_immigrant_fold_r ~ domain_congenial_mean_ln + domain_cross_mean_ln | partisan | domain_congenial_mean_ln*partisan + domain_cross_mean_ln*partisan","Study 1",0.53636392226784,7.0354250543836,"(B=3.786; SE=1.397; CI95%=[0.536,7.035])"
"10","2. Congenial × Partisan",0.0186863305599315,0.102448740994348,0.182396878463956,0.855395292830678,1,"Immigration","News Domains","Mean","Model 3
Strong vs. Weak Partisans","att_immigrant_fold_r ~ domain_congenial_mean_ln + domain_cross_mean_ln | partisan | domain_congenial_mean_ln*partisan + domain_cross_mean_ln*partisan","Study 1",-0.219645080250432,0.257017741370295,"(B=0.019; SE=0.102; CI95%=[-0.22,0.257])"
"11","1. Cross-Cutting × Partisan",-0.0694840273261517,0.0884005228225028,-0.786013759960073,0.43248397029203,1,"Immigration","News Domains","Mean","Model 3
Strong vs. Weak Partisans","att_immigrant_fold_r ~ domain_congenial_mean_ln + domain_cross_mean_ln | partisan | domain_congenial_mean_ln*partisan + domain_cross_mean_ln*partisan","Study 1",-0.27513439565838,0.136166341006077,"(B=-0.069; SE=0.088; CI95%=[-0.275,0.136])"
"12","0. Wave",2.26712245645947,0.888735786055665,2.55095214126718,0.0112426603547675,1,"Immigration","News Domains","Mean","Model 3
Strong vs. Weak Partisans","att_immigrant_fold_r ~ domain_congenial_mean_ln + domain_cross_mean_ln | partisan | domain_congenial_mean_ln*partisan + domain_cross_mean_ln*partisan","Study 1",0.199613849984857,4.33463106293408,"(B=2.267; SE=0.889; CI95%=[0.2,4.335])"
"13","7. Centrist News",-0.159857737058606,0.0936529460460078,-1.70691626700216,0.0888723431235187,1,"Immigration","Political News","Mean","Model 1
Partisan vs. Non-Partisan News","att_immigrant_fold_r ~ page_center_mean_ln + page_left_mean_ln + page_right_mean_ln","Study 1",-0.377727068990398,0.0580115948731858,"(B=-0.16; SE=0.094; CI95%=[-0.378,0.058])"
"14","8. Liberal News",0.177399087390933,0.140204427065227,1.26528877228964,0.206749695776106,1,"Immigration","Political News","Mean","Model 1
Partisan vs. Non-Partisan News","att_immigrant_fold_r ~ page_center_mean_ln + page_left_mean_ln + page_right_mean_ln","Study 1",-0.148765183443372,0.503563358225238,"(B=0.177; SE=0.14; CI95%=[-0.149,0.504])"
"15","6. Conservative News",0.0777919811872733,0.161848513510981,0.480646868480478,0.631117818230722,1,"Immigration","Political News","Mean","Model 1
Partisan vs. Non-Partisan News","att_immigrant_fold_r ~ page_center_mean_ln + page_left_mean_ln + page_right_mean_ln","Study 1",-0.298723964135667,0.454307926510214,"(B=0.078; SE=0.162; CI95%=[-0.299,0.454])"
"16","5. Congenial News",0.0844601260556099,0.129514674378839,0.652127849301143,0.514816364412799,1,"Immigration","Political News","Mean","Model 2
Congenial vs. Cross-Cutting News","att_immigrant_fold_r ~ page_congenial_mean_ln + page_cross_mean_ln","Study 1",-0.216836061342693,0.385756313453913,"(B=0.084; SE=0.13; CI95%=[-0.217,0.386])"
"17","4. Cross-Cutting News",0.0208390107293999,0.0784708571528716,0.265563694414638,0.790757041015342,1,"Immigration","Political News","Mean","Model 2
Congenial vs. Cross-Cutting News","att_immigrant_fold_r ~ page_congenial_mean_ln + page_cross_mean_ln","Study 1",-0.161711500982345,0.203389522441145,"(B=0.021; SE=0.078; CI95%=[-0.162,0.203])"
"18","0. Intercept",67.9090035935276,2.82533467536783,24.0357378492467,8.10872108664576e-72,1,"Immigration","Political News","Mean","Model 3
Strong vs. Weak Partisans","att_immigrant_fold_r ~ page_congenial_mean_ln + page_cross_mean_ln | partisan | page_congenial_mean_ln*partisan + page_cross_mean_ln*partisan","Study 1",61.3362922780318,74.4817149090235,"(B=67.909; SE=2.825; CI95%=[61.336,74.482])"
"19","5. Congenial News",0.0177251847140459,0.218470343193312,0.0811331389650534,0.935390534060852,1,"Immigration","Political News","Mean","Model 3
Strong vs. Weak Partisans","att_immigrant_fold_r ~ page_congenial_mean_ln + page_cross_mean_ln | partisan | page_congenial_mean_ln*partisan + page_cross_mean_ln*partisan","Study 1",-0.490512833714689,0.52596320314278,"(B=0.018; SE=0.218; CI95%=[-0.491,0.526])"
"20","4. Cross-Cutting News",0.0949587700795293,0.14563447666366,0.652034959406177,0.514881208042517,1,"Immigration","Political News","Mean","Model 3
Strong vs. Weak Partisans","att_immigrant_fold_r ~ page_congenial_mean_ln + page_cross_mean_ln | partisan | page_congenial_mean_ln*partisan + page_cross_mean_ln*partisan","Study 1",-0.243837685094027,0.433755225253085,"(B=0.095; SE=0.146; CI95%=[-0.244,0.434])"
"21","3. Partisanship Strength",3.66449221866634,1.38642043123154,2.64313200824026,0.00864727470137598,1,"Immigration","Political News","Mean","Model 3
Strong vs. Weak Partisans","att_immigrant_fold_r ~ page_congenial_mean_ln + page_cross_mean_ln | partisan | page_congenial_mean_ln*partisan + page_cross_mean_ln*partisan","Study 1",0.439195995944066,6.88978844138861,"(B=3.664; SE=1.386; CI95%=[0.439,6.89])"
"22","2. Congenial × Partisan",0.0643734330929758,0.116170653737532,0.554128181446035,0.579906704185048,1,"Immigration","Political News","Mean","Model 3
Strong vs. Weak Partisans","att_immigrant_fold_r ~ page_congenial_mean_ln + page_cross_mean_ln | partisan | page_congenial_mean_ln*partisan + page_cross_mean_ln*partisan","Study 1",-0.205879920255267,0.334626786441219,"(B=0.064; SE=0.116; CI95%=[-0.206,0.335])"
"23","1. Cross-Cutting × Partisan",-0.0813140034382215,0.0690107793057216,-1.1782797449366,0.239625130760111,1,"Immigration","Political News","Mean","Model 3
Strong vs. Weak Partisans","att_immigrant_fold_r ~ page_congenial_mean_ln + page_cross_mean_ln | partisan | page_congenial_mean_ln*partisan + page_cross_mean_ln*partisan","Study 1",-0.241857083161989,0.0792290762855456,"(B=-0.081; SE=0.069; CI95%=[-0.242,0.079])"
"24","0. Wave",2.06582761936052,0.86173338999144,2.39729322706301,0.0171322686270475,1,"Immigration","Political News","Mean","Model 3
Strong vs. Weak Partisans","att_immigrant_fold_r ~ page_congenial_mean_ln + page_cross_mean_ln | partisan | page_congenial_mean_ln*partisan + page_cross_mean_ln*partisan","Study 1",0.0611359795639301,4.07051925915711,"(B=2.066; SE=0.862; CI95%=[0.061,4.071])"
"25","7. Centrist News",-0.0148958941922505,0.0784148055585588,-0.189962776622924,0.849467198484176,1,"Gun Control","News Domains","Mean","Model 1
Partisan vs. Non-Partisan News","att_gun_fold_r ~ domain_center_mean_ln + domain_left_mean_ln + domain_right_mean_ln","Study 1",-0.19731601039673,0.167524222012229,"(B=-0.015; SE=0.078; CI95%=[-0.197,0.168])"
"26","8. Liberal News",0.0885767246160348,0.115840663815486,0.764642757547749,0.445087349216316,1,"Gun Control","News Domains","Mean","Model 1
Partisan vs. Non-Partisan News","att_gun_fold_r ~ domain_center_mean_ln + domain_left_mean_ln + domain_right_mean_ln","Study 1",-0.180908957378601,0.35806240661067,"(B=0.089; SE=0.116; CI95%=[-0.181,0.358])"
"27","6. Conservative News",-0.421774134556094,0.145955014233634,-2.88975433129656,0.00413749547786555,1,"Gun Control","News Domains","Mean","Model 1
Partisan vs. Non-Partisan News","att_gun_fold_r ~ domain_center_mean_ln + domain_left_mean_ln + domain_right_mean_ln","Study 1",-0.761316271624108,-0.0822319974880791,"(B=-0.422; SE=0.146; CI95%=[-0.761,-0.082])"
"28","5. Congenial News",0.0405041595327905,0.0985998174653315,0.410793453517621,0.681517253259556,1,"Gun Control","News Domains","Mean","Model 2
Congenial vs. Cross-Cutting News","att_gun_fold_r ~ domain_congenial_mean_ln + domain_cross_mean_ln","Study 1",-0.188873316208498,0.269881635274079,"(B=0.041; SE=0.099; CI95%=[-0.189,0.27])"
"29","4. Cross-Cutting News",-0.360390276822148,0.0778054947769879,-4.6319386292077,5.40513676820489e-06,1,"Gun Control","News Domains","Mean","Model 2
Congenial vs. Cross-Cutting News","att_gun_fold_r ~ domain_congenial_mean_ln + domain_cross_mean_ln","Study 1",-0.54139292418529,-0.179387629459007,"(B=-0.36; SE=0.078; CI95%=[-0.541,-0.179])"
"30","0. Intercept",60.9267495531292,2.04849584009765,29.7421885661358,3.40823157042628e-91,1,"Gun Control","News Domains","Mean","Model 3
Strong vs. Weak Partisans","att_gun_fold_r ~ domain_congenial_mean_ln + domain_cross_mean_ln | partisan | domain_congenial_mean_ln*partisan + domain_cross_mean_ln*partisan","Study 1",56.1612356105365,65.6922634957219,"(B=60.927; SE=2.048; CI95%=[56.161,65.692])"
"31","5. Congenial News",0.0331546273561126,0.166944659280136,0.198596513953038,0.842714256420731,1,"Gun Control","News Domains","Mean","Model 3
Strong vs. Weak Partisans","att_gun_fold_r ~ domain_congenial_mean_ln + domain_cross_mean_ln | partisan | domain_congenial_mean_ln*partisan + domain_cross_mean_ln*partisan","Study 1",-0.355216725842704,0.421525980554929,"(B=0.033; SE=0.167; CI95%=[-0.355,0.422])"
"32","4. Cross-Cutting News",-0.0910622030038403,0.135751171038564,-0.670802338625656,0.502867770607042,1,"Gun Control","News Domains","Mean","Model 3
Strong vs. Weak Partisans","att_gun_fold_r ~ domain_congenial_mean_ln + domain_cross_mean_ln | partisan | domain_congenial_mean_ln*partisan + domain_cross_mean_ln*partisan","Study 1",-0.406866651147959,0.224742245140278,"(B=-0.091; SE=0.136; CI95%=[-0.407,0.225])"
"33","3. Partisanship Strength",4.35065932604474,1.01418404071591,4.28981245156809,2.41943982429543e-05,1,"Gun Control","News Domains","Mean","Model 3
Strong vs. Weak Partisans","att_gun_fold_r ~ domain_congenial_mean_ln + domain_cross_mean_ln | partisan | domain_congenial_mean_ln*partisan + domain_cross_mean_ln*partisan","Study 1",1.99131443903914,6.71000421305034,"(B=4.351; SE=1.014; CI95%=[1.991,6.71])"
"34","2. Congenial × Partisan",-0.0202416769552793,0.0843374097827088,-0.240008283482158,0.810489401637004,1,"Gun Control","News Domains","Mean","Model 3
Strong vs. Weak Partisans","att_gun_fold_r ~ domain_congenial_mean_ln + domain_cross_mean_ln | partisan | domain_congenial_mean_ln*partisan + domain_cross_mean_ln*partisan","Study 1",-0.216439830905395,0.175956476994836,"(B=-0.02; SE=0.084; CI95%=[-0.216,0.176])"
"35","1. Cross-Cutting × Partisan",-0.0431798437762578,0.0727630838256801,-0.593430645129122,0.553344635810672,1,"Gun Control","News Domains","Mean","Model 3
Strong vs. Weak Partisans","att_gun_fold_r ~ domain_congenial_mean_ln + domain_cross_mean_ln | partisan | domain_congenial_mean_ln*partisan + domain_cross_mean_ln*partisan","Study 1",-0.212452089142784,0.126092401590269,"(B=-0.043; SE=0.073; CI95%=[-0.212,0.126])"
"36","0. Wave",-4.60430155042619,0.732865022649372,-6.28260512936098,1.18248563876974e-09,1,"Gun Control","News Domains","Mean","Model 3
Strong vs. Weak Partisans","att_gun_fold_r ~ domain_congenial_mean_ln + domain_cross_mean_ln | partisan | domain_congenial_mean_ln*partisan + domain_cross_mean_ln*partisan","Study 1",-6.30920053782545,-2.89940256302693,"(B=-4.604; SE=0.733; CI95%=[-6.309,-2.899])"
"37","7. Centrist News",-0.204546066792189,0.0836616323569567,-2.44492082008941,0.0150654578167258,1,"Gun Control","Political News","Mean","Model 1
Partisan vs. Non-Partisan News","att_gun_fold_r ~ page_center_mean_ln + page_left_mean_ln + page_right_mean_ln","Study 1",-0.399172127364582,-0.00992000621979683,"(B=-0.205; SE=0.084; CI95%=[-0.399,-0.01])"
"38","8. Liberal News",0.10285464162402,0.125250752016776,0.821189812978082,0.412192422085933,1,"Gun Control","Political News","Mean","Model 1
Partisan vs. Non-Partisan News","att_gun_fold_r ~ page_center_mean_ln + page_left_mean_ln + page_right_mean_ln","Study 1",-0.188522179052223,0.394231462300264,"(B=0.103; SE=0.125; CI95%=[-0.189,0.394])"
"39","6. Conservative News",-0.0185980380246958,0.144580536319484,-0.1286344517605,0.897733384277555,1,"Gun Control","Political News","Mean","Model 1
Partisan vs. Non-Partisan News","att_gun_fold_r ~ page_center_mean_ln + page_left_mean_ln + page_right_mean_ln","Study 1",-0.354942661319212,0.31774658526982,"(B=-0.019; SE=0.145; CI95%=[-0.355,0.318])"
"40","5. Congenial News",0.0810669331761196,0.113612925373896,0.713536183575342,0.476068741916792,1,"Gun Control","Political News","Mean","Model 2
Congenial vs. Cross-Cutting News","att_gun_fold_r ~ page_congenial_mean_ln + page_cross_mean_ln","Study 1",-0.183236254231003,0.345370120583242,"(B=0.081; SE=0.114; CI95%=[-0.183,0.345])"
"41","4. Cross-Cutting News",-0.268637414848545,0.0688302898311506,-3.902895302454,0.000117409605942932,1,"Gun Control","Political News","Mean","Model 2
Congenial vs. Cross-Cutting News","att_gun_fold_r ~ page_congenial_mean_ln + page_cross_mean_ln","Study 1",-0.428760613266857,-0.108514216430233,"(B=-0.269; SE=0.069; CI95%=[-0.429,-0.109])"
"42","0. Intercept",61.0054976611702,2.06347666359178,29.564423352858,1.29612186300542e-90,1,"Gun Control","Political News","Mean","Model 3
Strong vs. Weak Partisans","att_gun_fold_r ~ page_congenial_mean_ln + page_cross_mean_ln | partisan | page_congenial_mean_ln*partisan + page_cross_mean_ln*partisan","Study 1",56.2051331116906,65.8058622106499,"(B=61.005; SE=2.063; CI95%=[56.205,65.806])"
"43","5. Congenial News",-0.0179387751856877,0.180447423326058,-0.0994127533385356,0.920877623761267,1,"Gun Control","Political News","Mean","Model 3
Strong vs. Weak Partisans","att_gun_fold_r ~ page_congenial_mean_ln + page_cross_mean_ln | partisan | page_congenial_mean_ln*partisan + page_cross_mean_ln*partisan","Study 1",-0.43772225481641,0.401844704445035,"(B=-0.018; SE=0.18; CI95%=[-0.438,0.402])"
"44","4. Cross-Cutting News",-0.0728317528098549,0.120294888108607,-0.605443456118433,0.545346740930925,1,"Gun Control","Political News","Mean","Model 3
Strong vs. Weak Partisans","att_gun_fold_r ~ page_congenial_mean_ln + page_cross_mean_ln | partisan | page_congenial_mean_ln*partisan + page_cross_mean_ln*partisan","Study 1",-0.352679510019293,0.207016004399583,"(B=-0.073; SE=0.12; CI95%=[-0.353,0.207])"
"45","3. Partisanship Strength",4.35168727597559,1.01545201954827,4.2854681385256,2.46439635900763e-05,1,"Gun Control","Political News","Mean","Model 3
Strong vs. Weak Partisans","att_gun_fold_r ~ page_congenial_mean_ln + page_cross_mean_ln | partisan | page_congenial_mean_ln*partisan + page_cross_mean_ln*partisan","Study 1",1.98939262910899,6.71398192284219,"(B=4.352; SE=1.015; CI95%=[1.989,6.714])"
"46","2. Congenial × Partisan",0.0121447759374374,0.0959591123808098,0.126561987039244,0.899372722468518,1,"Gun Control","Political News","Mean","Model 3
Strong vs. Weak Partisans","att_gun_fold_r ~ page_congenial_mean_ln + page_cross_mean_ln | partisan | page_congenial_mean_ln*partisan + page_cross_mean_ln*partisan","Study 1",-0.211089501144506,0.23537905301938,"(B=0.012; SE=0.096; CI95%=[-0.211,0.235])"
"47","1. Cross-Cutting × Partisan",-0.0225728596481486,0.0569992425155363,-0.396020344340469,0.692374366100269,1,"Gun Control","Political News","Mean","Model 3
Strong vs. Weak Partisans","att_gun_fold_r ~ page_congenial_mean_ln + page_cross_mean_ln | partisan | page_congenial_mean_ln*partisan + page_cross_mean_ln*partisan","Study 1",-0.155172926296105,0.110027206999808,"(B=-0.023; SE=0.057; CI95%=[-0.155,0.11])"
"48","0. Wave",-4.79994809625301,0.712953267284926,-6.73248628838215,8.61256566769358e-11,1,"Gun Control","Political News","Mean","Model 3
Strong vs. Weak Partisans","att_gun_fold_r ~ page_congenial_mean_ln + page_cross_mean_ln | partisan | page_congenial_mean_ln*partisan + page_cross_mean_ln*partisan","Study 1",-6.45852541389177,-3.14137077861426,"(B=-4.8; SE=0.713; CI95%=[-6.459,-3.141])"
"49","7. Centrist News",-0.094246290922256,0.0856352695697524,-1.10055461255353,0.271975778256887,1,"Muslims","News Domains","Mean","Model 1
Partisan vs. Non-Partisan News","att_musl_fold_r ~ domain_center_mean_ln + domain_left_mean_ln + domain_right_mean_ln","Study 1",-0.293463718228764,0.104971136384252,"(B=-0.094; SE=0.086; CI95%=[-0.293,0.105])"
"50","8. Liberal News",0.178196922205303,0.12650731456026,1.40858987343709,0.159995478085999,1,"Muslims","News Domains","Mean","Model 1
Partisan vs. Non-Partisan News","att_musl_fold_r ~ domain_center_mean_ln + domain_left_mean_ln + domain_right_mean_ln","Study 1",-0.116103100072574,0.472496944483179,"(B=0.178; SE=0.127; CI95%=[-0.116,0.472])"
"51","6. Conservative News",-0.231853968185396,0.159394605392732,-1.45459106105964,0.146831458273393,1,"Muslims","News Domains","Mean","Model 1
Partisan vs. Non-Partisan News","att_musl_fold_r ~ domain_center_mean_ln + domain_left_mean_ln + domain_right_mean_ln","Study 1",-0.602661269574357,0.138953333203564,"(B=-0.232; SE=0.159; CI95%=[-0.603,0.139])"
"52","5. Congenial News",-0.0332307655342245,0.110663943506502,-0.300285390898547,0.764167451429209,1,"Muslims","News Domains","Mean","Model 2
Congenial vs. Cross-Cutting News","att_musl_fold_r ~ domain_congenial_mean_ln + domain_cross_mean_ln","Study 1",-0.29067359524355,0.224212064175101,"(B=-0.033; SE=0.111; CI95%=[-0.291,0.224])"
"53","4. Cross-Cutting News",-0.00940930204240515,0.0873253429857864,-0.107749958038375,0.914266064635092,1,"Muslims","News Domains","Mean","Model 2
Congenial vs. Cross-Cutting News","att_musl_fold_r ~ domain_congenial_mean_ln + domain_cross_mean_ln","Study 1",-0.212558428047277,0.193739823962466,"(B=-0.009; SE=0.087; CI95%=[-0.213,0.194])"
"54","0. Intercept",61.6812521620345,2.8385097180496,21.730153597789,2.10928422020537e-63,1,"Muslims","News Domains","Mean","Model 3
Strong vs. Weak Partisans","att_musl_fold_r ~ domain_congenial_mean_ln + domain_cross_mean_ln | partisan | domain_congenial_mean_ln*partisan + domain_cross_mean_ln*partisan","Study 1",55.0778911140056,68.2846132100635,"(B=61.681; SE=2.839; CI95%=[55.078,68.285])"
"55","5. Congenial News",-0.0108288838799401,0.199655712680441,-0.054237786310038,0.956782181048193,1,"Muslims","News Domains","Mean","Model 3
Strong vs. Weak Partisans","att_musl_fold_r ~ domain_congenial_mean_ln + domain_cross_mean_ln | partisan | domain_congenial_mean_ln*partisan + domain_cross_mean_ln*partisan","Study 1",-0.475297526614194,0.453639758854314,"(B=-0.011; SE=0.2; CI95%=[-0.475,0.454])"
"56","4. Cross-Cutting News",0.0537975999154199,0.162350187887286,0.331367648017566,0.740600486927833,1,"Muslims","News Domains","Mean","Model 3
Strong vs. Weak Partisans","att_musl_fold_r ~ domain_congenial_mean_ln + domain_cross_mean_ln | partisan | domain_congenial_mean_ln*partisan + domain_cross_mean_ln*partisan","Study 1",-0.3238854145263,0.431480614357139,"(B=0.054; SE=0.162; CI95%=[-0.324,0.431])"
"57","3. Partisanship Strength",3.74540138195159,1.4053097883399,2.6651784631601,0.00811419098128584,1,"Muslims","News Domains","Mean","Model 3
Strong vs. Weak Partisans","att_musl_fold_r ~ domain_congenial_mean_ln + domain_cross_mean_ln | partisan | domain_congenial_mean_ln*partisan + domain_cross_mean_ln*partisan","Study 1",0.476161943478265,7.01464082042491,"(B=3.745; SE=1.405; CI95%=[0.476,7.015])"
"58","2. Congenial × Partisan",-0.0128905002553464,0.100862439855198,-0.127802780438908,0.898391540003547,1,"Muslims","News Domains","Mean","Model 3
Strong vs. Weak Partisans","att_musl_fold_r ~ domain_congenial_mean_ln + domain_cross_mean_ln | partisan | domain_congenial_mean_ln*partisan + domain_cross_mean_ln*partisan","Study 1",-0.247531622783057,0.221750622272365,"(B=-0.013; SE=0.101; CI95%=[-0.248,0.222])"
"59","1. Cross-Cutting × Partisan",-0.0487859030108814,0.0870202462342049,-0.560627039362539,0.575474485842114,1,"Muslims","News Domains","Mean","Model 3
Strong vs. Weak Partisans","att_musl_fold_r ~ domain_congenial_mean_ln + domain_cross_mean_ln | partisan | domain_congenial_mean_ln*partisan + domain_cross_mean_ln*partisan","Study 1",-0.251225267836335,0.153653461814572,"(B=-0.049; SE=0.087; CI95%=[-0.251,0.154])"
"60","0. Wave",0.257428219297449,0.876462230217858,0.293712849706554,0.769182476499119,1,"Muslims","News Domains","Mean","Model 3
Strong vs. Weak Partisans","att_musl_fold_r ~ domain_congenial_mean_ln + domain_cross_mean_ln | partisan | domain_congenial_mean_ln*partisan + domain_cross_mean_ln*partisan","Study 1",-1.78152782664696,2.29638426524186,"(B=0.257; SE=0.876; CI95%=[-1.782,2.296])"
"61","7. Centrist News",-0.0059207995554372,0.0915954825246283,-0.0646407376460428,0.948503243804821,1,"Muslims","Political News","Mean","Model 1
Partisan vs. Non-Partisan News","att_musl_fold_r ~ page_center_mean_ln + page_left_mean_ln + page_right_mean_ln","Study 1",-0.219003755598351,0.207162156487477,"(B=-0.006; SE=0.092; CI95%=[-0.219,0.207])"
"62","8. Liberal News",0.105071457865042,0.137128606558861,0.766225665831011,0.444146526533306,1,"Muslims","Political News","Mean","Model 1
Partisan vs. Non-Partisan News","att_musl_fold_r ~ page_center_mean_ln + page_left_mean_ln + page_right_mean_ln","Study 1",-0.213937384473347,0.42408030020343,"(B=0.105; SE=0.137; CI95%=[-0.214,0.424])"
"63","6. Conservative News",-0.130137565982789,0.158291484576221,-0.822138767168647,0.411653042392807,1,"Muslims","Political News","Mean","Model 1
Partisan vs. Non-Partisan News","att_musl_fold_r ~ page_center_mean_ln + page_left_mean_ln + page_right_mean_ln","Study 1",-0.498378624605449,0.238103492639871,"(B=-0.13; SE=0.158; CI95%=[-0.498,0.238])"
"64","5. Congenial News",0.0416155716129395,0.126272292788873,0.329570095654481,0.741954809032111,1,"Muslims","Political News","Mean","Model 2
Congenial vs. Cross-Cutting News","att_musl_fold_r ~ page_congenial_mean_ln + page_cross_mean_ln","Study 1",-0.252137708266718,0.335368851492597,"(B=0.042; SE=0.126; CI95%=[-0.252,0.335])"
"65","4. Cross-Cutting News",-0.0269177729329952,0.0764997334739786,-0.351867538756214,0.725184632311614,1,"Muslims","Political News","Mean","Model 2
Congenial vs. Cross-Cutting News","att_musl_fold_r ~ page_congenial_mean_ln + page_cross_mean_ln","Study 1",-0.204882765264876,0.151047219398886,"(B=-0.027; SE=0.076; CI95%=[-0.205,0.151])"
"66","0. Intercept",62.0069462857503,2.85371438689959,21.728504636064,2.13879301640944e-63,1,"Muslims","Political News","Mean","Model 3
Strong vs. Weak Partisans","att_musl_fold_r ~ page_congenial_mean_ln + page_cross_mean_ln | partisan | page_congenial_mean_ln*partisan + page_cross_mean_ln*partisan","Study 1",55.3682138886667,68.6456786828339,"(B=62.007; SE=2.854; CI95%=[55.368,68.646])"
"67","5. Congenial News",0.0209143401667628,0.215293464831201,0.0971434046228971,0.922678033177473,1,"Muslims","Political News","Mean","Model 3
Strong vs. Weak Partisans","att_musl_fold_r ~ page_congenial_mean_ln + page_cross_mean_ln | partisan | page_congenial_mean_ln*partisan + page_cross_mean_ln*partisan","Study 1",-0.479933154038187,0.521761834371713,"(B=0.021; SE=0.215; CI95%=[-0.48,0.522])"
"68","4. Cross-Cutting News",0.0370753879728265,0.143524927012042,0.258320200850657,0.796338714835384,1,"Muslims","Political News","Mean","Model 3
Strong vs. Weak Partisans","att_musl_fold_r ~ page_congenial_mean_ln + page_cross_mean_ln | partisan | page_congenial_mean_ln*partisan + page_cross_mean_ln*partisan","Study 1",-0.296813520853504,0.370964296799157,"(B=0.037; SE=0.144; CI95%=[-0.297,0.371])"
"69","3. Partisanship Strength",3.71381992008227,1.404333806396,2.64454213319352,0.00861362849408063,1,"Muslims","Political News","Mean","Model 3
Strong vs. Weak Partisans","att_musl_fold_r ~ page_congenial_mean_ln + page_cross_mean_ln | partisan | page_congenial_mean_ln*partisan + page_cross_mean_ln*partisan","Study 1",0.446850955129243,6.98078888503529,"(B=3.714; SE=1.404; CI95%=[0.447,6.981])"
"70","2. Congenial × Partisan",0.0155936053517211,0.114489691267361,0.136200955554211,0.891754692273378,1,"Muslims","Political News","Mean","Model 3
Strong vs. Weak Partisans","att_musl_fold_r ~ page_congenial_mean_ln + page_cross_mean_ln | partisan | page_congenial_mean_ln*partisan + page_cross_mean_ln*partisan","Study 1",-0.250749244527695,0.281936455231138,"(B=0.016; SE=0.114; CI95%=[-0.251,0.282])"
"71","1. Cross-Cutting × Partisan",-0.0420080658226703,0.068006315566777,-0.617708303597503,0.537240971485347,1,"Muslims","Political News","Mean","Model 3
Strong vs. Weak Partisans","att_musl_fold_r ~ page_congenial_mean_ln + page_cross_mean_ln | partisan | page_congenial_mean_ln*partisan + page_cross_mean_ln*partisan","Study 1",-0.200214413462792,0.116198281817452,"(B=-0.042; SE=0.068; CI95%=[-0.2,0.116])"
"72","0. Wave",0.292989032195435,0.850631038932275,0.344437269257421,0.730761223203958,1,"Muslims","Political News","Mean","Model 3
Strong vs. Weak Partisans","att_musl_fold_r ~ page_congenial_mean_ln + page_cross_mean_ln | partisan | page_congenial_mean_ln*partisan + page_cross_mean_ln*partisan","Study 1",-1.68587467681781,2.27185274120868,"(B=0.293; SE=0.851; CI95%=[-1.686,2.272])"
"73","7. Centrist News",-0.0274805183188595,0.105985050446481,-0.259286740942168,0.795591839778065,1,"Sexual Assault","News Domains","Mean","Model 1
Partisan vs. Non-Partisan News","att_assault_fold_r ~ domain_center_mean_ln + domain_left_mean_ln + domain_right_mean_ln","Study 1",-0.274038615105143,0.219077578467424,"(B=-0.027; SE=0.106; CI95%=[-0.274,0.219])"
"74","8. Liberal News",0.0510879424277123,0.156555073569273,0.326325690141922,0.744405481747989,1,"Sexual Assault","News Domains","Mean","Model 1
Partisan vs. Non-Partisan News","att_assault_fold_r ~ domain_center_mean_ln + domain_left_mean_ln + domain_right_mean_ln","Study 1",-0.313113620140472,0.415289504995897,"(B=0.051; SE=0.157; CI95%=[-0.313,0.415])"
"75","6. Conservative News",-0.113012778028314,0.197271726143825,-0.572878740595192,0.567155916610918,1,"Sexual Assault","News Domains","Mean","Model 1
Partisan vs. Non-Partisan News","att_assault_fold_r ~ domain_center_mean_ln + domain_left_mean_ln + domain_right_mean_ln","Study 1",-0.571935438751369,0.345909882694741,"(B=-0.113; SE=0.197; CI95%=[-0.572,0.346])"
"76","5. Congenial News",-0.0257803232434156,0.135966455060161,-0.189607967877139,0.849744138921992,1,"Sexual Assault","News Domains","Mean","Model 2
Congenial vs. Cross-Cutting News","att_assault_fold_r ~ domain_congenial_mean_ln + domain_cross_mean_ln","Study 1",-0.342085596913491,0.29052495042666,"(B=-0.026; SE=0.136; CI95%=[-0.342,0.291])"
"77","4. Cross-Cutting News",-0.0310216115973752,0.107306445235009,-0.289093646979317,0.772708722894827,1,"Sexual Assault","News Domains","Mean","Model 2
Congenial vs. Cross-Cutting News","att_assault_fold_r ~ domain_congenial_mean_ln + domain_cross_mean_ln","Study 1",-0.280653732340719,0.218610509145968,"(B=-0.031; SE=0.107; CI95%=[-0.281,0.219])"
"78","0. Intercept",57.5060497295763,2.70440654790805,21.2638331962549,9.21865780831322e-62,1,"Sexual Assault","News Domains","Mean","Model 3
Strong vs. Weak Partisans","att_assault_fold_r ~ domain_congenial_mean_ln + domain_cross_mean_ln | partisan | domain_congenial_mean_ln*partisan + domain_cross_mean_ln*partisan","Study 1",51.2146593063083,63.7974401528443,"(B=57.506; SE=2.704; CI95%=[51.215,63.797])"
"79","5. Congenial News",-0.109684567271347,0.242790312032112,-0.451766655569188,0.65176572028183,1,"Sexual Assault","News Domains","Mean","Model 3
Strong vs. Weak Partisans","att_assault_fold_r ~ domain_congenial_mean_ln + domain_cross_mean_ln | partisan | domain_congenial_mean_ln*partisan + domain_cross_mean_ln*partisan","Study 1",-0.674499293504963,0.455130158962269,"(B=-0.11; SE=0.243; CI95%=[-0.674,0.455])"
"80","4. Cross-Cutting News",-0.362473937880215,0.197412640004574,-1.83612324860159,0.0673355539516712,1,"Sexual Assault","News Domains","Mean","Model 3
Strong vs. Weak Partisans","att_assault_fold_r ~ domain_congenial_mean_ln + domain_cross_mean_ln | partisan | domain_congenial_mean_ln*partisan + domain_cross_mean_ln*partisan","Study 1",-0.821724413263644,0.0967765375032152,"(B=-0.362; SE=0.197; CI95%=[-0.822,0.097])"
"81","3. Partisanship Strength",2.69000112074548,1.3350828090883,2.01485713278146,0.0448145007803433,1,"Sexual Assault","News Domains","Mean","Model 3
Strong vs. Weak Partisans","att_assault_fold_r ~ domain_congenial_mean_ln + domain_cross_mean_ln | partisan | domain_congenial_mean_ln*partisan + domain_cross_mean_ln*partisan","Study 1",-0.415865933845571,5.79586817533652,"(B=2.69; SE=1.335; CI95%=[-0.416,5.796])"
"82","2. Congenial × Partisan",0.0632259362536284,0.122639588832316,0.515542630692255,0.606556134929092,1,"Sexual Assault","News Domains","Mean","Model 3
Strong vs. Weak Partisans","att_assault_fold_r ~ domain_congenial_mean_ln + domain_cross_mean_ln | partisan | domain_congenial_mean_ln*partisan + domain_cross_mean_ln*partisan","Study 1",-0.222076410499672,0.348528283006929,"(B=0.063; SE=0.123; CI95%=[-0.222,0.349])"
"83","1. Cross-Cutting × Partisan",0.162022633246253,0.105822713547173,1.53107615383561,0.126811416716002,1,"Sexual Assault","News Domains","Mean","Model 3
Strong vs. Weak Partisans","att_assault_fold_r ~ domain_congenial_mean_ln + domain_cross_mean_ln | partisan | domain_congenial_mean_ln*partisan + domain_cross_mean_ln*partisan","Study 1",-0.0841578114394461,0.408203077931953,"(B=0.162; SE=0.106; CI95%=[-0.084,0.408])"
"84","0. Wave",1.90589529563265,1.06389000318163,1.79144017702295,0.0742373028750828,1,"Sexual Assault","News Domains","Mean","Model 3
Strong vs. Weak Partisans","att_assault_fold_r ~ domain_congenial_mean_ln + domain_cross_mean_ln | partisan | domain_congenial_mean_ln*partisan + domain_cross_mean_ln*partisan","Study 1",-0.569082951482244,4.38087354274754,"(B=1.906; SE=1.064; CI95%=[-0.569,4.381])"
"85","7. Centrist News",0.0726201893482668,0.112644319205868,0.644685767202754,0.519623497267329,1,"Sexual Assault","Political News","Mean","Model 1
Partisan vs. Non-Partisan News","att_assault_fold_r ~ page_center_mean_ln + page_left_mean_ln + page_right_mean_ln","Study 1",-0.189429683159082,0.334670061855615,"(B=0.073; SE=0.113; CI95%=[-0.189,0.335])"
"86","8. Liberal News",-0.108774141269211,0.168635722667525,-0.645024313642401,0.519404388346588,1,"Sexual Assault","Political News","Mean","Model 1
Partisan vs. Non-Partisan News","att_assault_fold_r ~ page_center_mean_ln + page_left_mean_ln + page_right_mean_ln","Study 1",-0.501079496184148,0.283531213645727,"(B=-0.109; SE=0.169; CI95%=[-0.501,0.284])"
"87","6. Conservative News",-0.0106407348720191,0.194668896053413,-0.0546606832819327,0.956445175713594,1,"Sexual Assault","Political News","Mean","Model 1
Partisan vs. Non-Partisan News","att_assault_fold_r ~ page_center_mean_ln + page_left_mean_ln + page_right_mean_ln","Study 1",-0.463508307347753,0.442226837603715,"(B=-0.011; SE=0.195; CI95%=[-0.464,0.442])"
"88","5. Congenial News",-0.0278410715608391,0.155190643302024,-0.179399163303011,0.857744991067839,1,"Sexual Assault","Political News","Mean","Model 2
Congenial vs. Cross-Cutting News","att_assault_fold_r ~ page_congenial_mean_ln + page_cross_mean_ln","Study 1",-0.388868494677532,0.333186351555854,"(B=-0.028; SE=0.155; CI95%=[-0.389,0.333])"
"89","4. Cross-Cutting News",-0.00798427104981699,0.0940275135649424,-0.0849141995475873,0.932386053268325,1,"Sexual Assault","Political News","Mean","Model 2
Congenial vs. Cross-Cutting News","att_assault_fold_r ~ page_congenial_mean_ln + page_cross_mean_ln","Study 1",-0.226724977332967,0.210756435233333,"(B=-0.008; SE=0.094; CI95%=[-0.227,0.211])"
"90","0. Intercept",57.9279229439519,2.72138309287587,21.2862066702764,7.62522854489304e-62,1,"Sexual Assault","Political News","Mean","Model 3
Strong vs. Weak Partisans","att_assault_fold_r ~ page_congenial_mean_ln + page_cross_mean_ln | partisan | page_congenial_mean_ln*partisan + page_cross_mean_ln*partisan","Study 1",51.5970391713894,64.2588067165144,"(B=57.928; SE=2.721; CI95%=[51.597,64.259])"
"91","5. Congenial News",-0.0692056253674077,0.261822772583476,-0.264322406659043,0.791714206453177,1,"Sexual Assault","Political News","Mean","Model 3
Strong vs. Weak Partisans","att_assault_fold_r ~ page_congenial_mean_ln + page_cross_mean_ln | partisan | page_congenial_mean_ln*partisan + page_cross_mean_ln*partisan","Study 1",-0.678296475742455,0.539885225007639,"(B=-0.069; SE=0.262; CI95%=[-0.678,0.54])"
"92","4. Cross-Cutting News",-0.312726127732738,0.174533631917644,-1.79178147097919,0.0741824637213165,1,"Sexual Assault","Political News","Mean","Model 3
Strong vs. Weak Partisans","att_assault_fold_r ~ page_congenial_mean_ln + page_cross_mean_ln | partisan | page_congenial_mean_ln*partisan + page_cross_mean_ln*partisan","Study 1",-0.718752071292976,0.0932998158275004,"(B=-0.313; SE=0.175; CI95%=[-0.719,0.093])"
"93","3. Partisanship Strength",2.67428621135862,1.33541033353154,2.00259511567982,0.0461234134119232,1,"Sexual Assault","Political News","Mean","Model 3
Strong vs. Weak Partisans","att_assault_fold_r ~ page_congenial_mean_ln + page_cross_mean_ln | partisan | page_congenial_mean_ln*partisan + page_cross_mean_ln*partisan","Study 1",-0.432342779024649,5.78091520174188,"(B=2.674; SE=1.335; CI95%=[-0.432,5.781])"
"94","2. Congenial × Partisan",0.0516256103448565,0.139223119302203,0.370812050495695,0.711040980796835,1,"Sexual Assault","Political News","Mean","Model 3
Strong vs. Weak Partisans","att_assault_fold_r ~ page_congenial_mean_ln + page_cross_mean_ln | partisan | page_congenial_mean_ln*partisan + page_cross_mean_ln*partisan","Study 1",-0.272255797261157,0.37550701795087,"(B=0.052; SE=0.139; CI95%=[-0.272,0.376])"
"95","1. Cross-Cutting × Partisan",0.138753345780455,0.0827050175866777,1.67768957469886,0.0944561600223157,1,"Sexual Assault","Political News","Mean","Model 3
Strong vs. Weak Partisans","att_assault_fold_r ~ page_congenial_mean_ln + page_cross_mean_ln | partisan | page_congenial_mean_ln*partisan + page_cross_mean_ln*partisan","Study 1",-0.0536472960548233,0.331153987615733,"(B=0.139; SE=0.083; CI95%=[-0.054,0.331])"
"96","0. Wave",1.81546338032571,1.0327325077513,1.75792217897619,0.0797873820337188,1,"Sexual Assault","Political News","Mean","Model 3
Strong vs. Weak Partisans","att_assault_fold_r ~ page_congenial_mean_ln + page_cross_mean_ln | partisan | page_congenial_mean_ln*partisan + page_cross_mean_ln*partisan","Study 1",-0.587031693534389,4.21795845418581,"(B=1.815; SE=1.033; CI95%=[-0.587,4.218])"
"97","7. Centrist News",-0.0204247811619497,0.0563792678263264,-0.36227467914034,0.717232110645238,2,"Economy","News Domains","Mean","Model 1
Partisan vs. Non-Partisan News","att_econ_fold_r ~ domain_center_mean_ln + domain_left_mean_ln + domain_right_mean_ln","Study 2",-0.151582571009703,0.110733008685804,"(B=-0.02; SE=0.056; CI95%=[-0.152,0.111])"
"98","8. Liberal News",0.183940861957151,0.0971196234853189,1.89396185195216,0.0585515797836935,2,"Economy","News Domains","Mean","Model 1
Partisan vs. Non-Partisan News","att_econ_fold_r ~ domain_center_mean_ln + domain_left_mean_ln + domain_right_mean_ln","Study 2",-0.0419931676655674,0.40987489157987,"(B=0.184; SE=0.097; CI95%=[-0.042,0.41])"
"99","6. Conservative News",-0.0641813902296066,0.0393127130263108,-1.63258613534639,0.102907027765728,2,"Economy","News Domains","Mean","Model 1
Partisan vs. Non-Partisan News","att_econ_fold_r ~ domain_center_mean_ln + domain_left_mean_ln + domain_right_mean_ln","Study 2",-0.155636436601142,0.0272736561419293,"(B=-0.064; SE=0.039; CI95%=[-0.156,0.027])"
"100","5. Congenial News",-0.0571304409984839,0.0574133626802481,-0.995072198029231,0.319969200962896,2,"Economy","News Domains","Mean","Model 2
Congenial vs. Cross-Cutting News","att_econ_fold_r ~ domain_congenial_mean_ln + domain_cross_mean_ln","Study 2",-0.190693895211215,0.076433013214247,"(B=-0.057; SE=0.057; CI95%=[-0.191,0.076])"
"101","4. Cross-Cutting News",0.013090295462002,0.0438751611367397,0.298353216782618,0.765502611358232,2,"Economy","News Domains","Mean","Model 2
Congenial vs. Cross-Cutting News","att_econ_fold_r ~ domain_congenial_mean_ln + domain_cross_mean_ln","Study 2",-0.0889785923716517,0.115159183295656,"(B=0.013; SE=0.044; CI95%=[-0.089,0.115])"
"102","0. Intercept",38.6416898566363,1.48814583822678,25.9663326429621,2.80873226460048e-111,2,"Economy","News Domains","Mean","Model 3
Strong vs. Weak Partisans","att_econ_fold_r ~ domain_congenial_mean_ln + domain_cross_mean_ln | partisan | domain_congenial_mean_ln*partisan + domain_cross_mean_ln*partisan","Study 2",35.1797449496147,42.1036347636579,"(B=38.642; SE=1.488; CI95%=[35.18,42.104])"
"103","5. Congenial News",-0.109015786868665,0.114825148597043,-0.94940688691146,0.342669997507951,2,"Economy","News Domains","Mean","Model 3
Strong vs. Weak Partisans","att_econ_fold_r ~ domain_congenial_mean_ln + domain_cross_mean_ln | partisan | domain_congenial_mean_ln*partisan + domain_cross_mean_ln*partisan","Study 2",-0.37613902719382,0.158107453456491,"(B=-0.109; SE=0.115; CI95%=[-0.376,0.158])"
"104","4. Cross-Cutting News",0.00486322832897469,0.0935793457511989,0.0519690353671059,0.95856496272518,2,"Economy","News Domains","Mean","Model 3
Strong vs. Weak Partisans","att_econ_fold_r ~ domain_congenial_mean_ln + domain_cross_mean_ln | partisan | domain_congenial_mean_ln*partisan + domain_cross_mean_ln*partisan","Study 2",-0.21283488371346,0.222561340371409,"(B=0.005; SE=0.094; CI95%=[-0.213,0.223])"
"105","3. Partisanship Strength",5.71015925233552,0.670519571429916,8.51602174737171,6.91052707464527e-17,2,"Economy","News Domains","Mean","Model 3
Strong vs. Weak Partisans","att_econ_fold_r ~ domain_congenial_mean_ln + domain_cross_mean_ln | partisan | domain_congenial_mean_ln*partisan + domain_cross_mean_ln*partisan","Study 2",4.15029747283676,7.27002103183428,"(B=5.71; SE=0.671; CI95%=[4.15,7.27])"
"106","2. Congenial × Partisan",0.0435092931241209,0.0553063754172151,0.786695797652612,0.431668217170929,2,"Economy","News Domains","Mean","Model 3
Strong vs. Weak Partisans","att_econ_fold_r ~ domain_congenial_mean_ln + domain_cross_mean_ln | partisan | domain_congenial_mean_ln*partisan + domain_cross_mean_ln*partisan","Study 2",-0.0851525757486222,0.172171161996864,"(B=0.044; SE=0.055; CI95%=[-0.085,0.172])"
"107","1. Cross-Cutting × Partisan",0.0177498457210499,0.0425082397973715,0.417562472726699,0.676367188411065,2,"Economy","News Domains","Mean","Model 3
Strong vs. Weak Partisans","att_econ_fold_r ~ domain_congenial_mean_ln + domain_cross_mean_ln | partisan | domain_congenial_mean_ln*partisan + domain_cross_mean_ln*partisan","Study 2",-0.0811391075607835,0.116638799002883,"(B=0.018; SE=0.043; CI95%=[-0.081,0.117])"
"108","0. Wave",-1.89940658604126,0.520246341918249,-3.65097538031268,0.000276394018545026,2,"Economy","News Domains","Mean","Model 3
Strong vs. Weak Partisans","att_econ_fold_r ~ domain_congenial_mean_ln + domain_cross_mean_ln | partisan | domain_congenial_mean_ln*partisan + domain_cross_mean_ln*partisan","Study 2",-3.1096805575403,-0.689132614542216,"(B=-1.899; SE=0.52; CI95%=[-3.11,-0.689])"
"109","7. Centrist News",0.0229070319821299,0.0489903249464089,0.467582772867667,0.640196558625994,2,"Economy","Political News","Mean","Model 1
Partisan vs. Non-Partisan News","att_econ_fold_r ~ page_center_mean_ln + page_left_mean_ln + page_right_mean_ln","Study 2",-0.0910615063055185,0.136875570269778,"(B=0.023; SE=0.049; CI95%=[-0.091,0.137])"
"110","8. Liberal News",0.161784291740934,0.104931365266933,1.54181060476411,0.123472311890282,2,"Economy","Political News","Mean","Model 1
Partisan vs. Non-Partisan News","att_econ_fold_r ~ page_center_mean_ln + page_left_mean_ln + page_right_mean_ln","Study 2",-0.0823225667679993,0.405891150249868,"(B=0.162; SE=0.105; CI95%=[-0.082,0.406])"
"111","6. Conservative News",-0.0825935114093996,0.0448293050271343,-1.84239999615001,0.0657465440736239,2,"Economy","Political News","Mean","Model 1
Partisan vs. Non-Partisan News","att_econ_fold_r ~ page_center_mean_ln + page_left_mean_ln + page_right_mean_ln","Study 2",-0.186882069854002,0.0216950470352025,"(B=-0.083; SE=0.045; CI95%=[-0.187,0.022])"
"112","5. Congenial News",-0.0844623688661977,0.063187084277485,-1.33670305936705,0.181658133145998,2,"Economy","Political News","Mean","Model 2
Congenial vs. Cross-Cutting News","att_econ_fold_r ~ page_congenial_mean_ln + page_cross_mean_ln","Study 2",-0.231457508041964,0.0625327703095689,"(B=-0.084; SE=0.063; CI95%=[-0.231,0.063])"
"113","4. Cross-Cutting News",0.00734547532996572,0.049562882320063,0.148205168588274,0.882214124389254,2,"Economy","Political News","Mean","Model 2
Congenial vs. Cross-Cutting News","att_econ_fold_r ~ page_congenial_mean_ln + page_cross_mean_ln","Study 2",-0.107955030586649,0.122645981246581,"(B=0.007; SE=0.05; CI95%=[-0.108,0.123])"
"114","0. Intercept",38.7956811123291,1.47299292413094,26.3379955713082,1.12495942840085e-113,2,"Economy","Political News","Mean","Model 3
Strong vs. Weak Partisans","att_econ_fold_r ~ page_congenial_mean_ln + page_cross_mean_ln | partisan | page_congenial_mean_ln*partisan + page_cross_mean_ln*partisan","Study 2",35.3689871547998,42.2223750698583,"(B=38.796; SE=1.473; CI95%=[35.369,42.222])"
"115","5. Congenial News",-0.140316533222953,0.129451032338774,-1.08393522004323,0.278685430167368,2,"Economy","Political News","Mean","Model 3
Strong vs. Weak Partisans","att_econ_fold_r ~ page_congenial_mean_ln + page_cross_mean_ln | partisan | page_congenial_mean_ln*partisan + page_cross_mean_ln*partisan","Study 2",-0.441464667096653,0.160831600650747,"(B=-0.14; SE=0.129; CI95%=[-0.441,0.161])"
"116","4. Cross-Cutting News",0.0236297619480376,0.109828935091197,0.215150606062204,0.829698915605778,2,"Economy","Political News","Mean","Model 3
Strong vs. Weak Partisans","att_econ_fold_r ~ page_congenial_mean_ln + page_cross_mean_ln | partisan | page_congenial_mean_ln*partisan + page_cross_mean_ln*partisan","Study 2",-0.231870547709538,0.279130071605614,"(B=0.024; SE=0.11; CI95%=[-0.232,0.279])"
"117","3. Partisanship Strength",5.75010797332585,0.672118592074951,8.55519850384473,5.05141473255003e-17,2,"Economy","Political News","Mean","Model 3
Strong vs. Weak Partisans","att_econ_fold_r ~ page_congenial_mean_ln + page_cross_mean_ln | partisan | page_congenial_mean_ln*partisan + page_cross_mean_ln*partisan","Study 2",4.18652631554896,7.31368963110274,"(B=5.75; SE=0.672; CI95%=[4.187,7.314])"
"118","2. Congenial × Partisan",0.0522030270485914,0.0625299519452693,0.83484834746528,0.404025886325701,2,"Economy","Political News","Mean","Model 3
Strong vs. Weak Partisans","att_econ_fold_r ~ page_congenial_mean_ln + page_cross_mean_ln | partisan | page_congenial_mean_ln*partisan + page_cross_mean_ln*partisan","Study 2",-0.0932633937231617,0.197669447820344,"(B=0.052; SE=0.063; CI95%=[-0.093,0.198])"
"119","1. Cross-Cutting × Partisan",0.00781037733272406,0.0493326038904247,0.15832080037924,0.874239732788155,2,"Economy","Political News","Mean","Model 3
Strong vs. Weak Partisans","att_econ_fold_r ~ page_congenial_mean_ln + page_cross_mean_ln | partisan | page_congenial_mean_ln*partisan + page_cross_mean_ln*partisan","Study 2",-0.106954420848664,0.122575175514112,"(B=0.008; SE=0.049; CI95%=[-0.107,0.123])"
"120","0. Wave",-1.86082940950036,0.523612747206501,-3.55382755562765,0.000399525230850817,2,"Economy","Political News","Mean","Model 3
Strong vs. Weak Partisans","att_econ_fold_r ~ page_congenial_mean_ln + page_cross_mean_ln | partisan | page_congenial_mean_ln*partisan + page_cross_mean_ln*partisan","Study 2",-3.07893481078489,-0.642724008215831,"(B=-1.861; SE=0.524; CI95%=[-3.079,-0.643])"
"121","7. Centrist News",0.00591792695934774,0.0554220272927402,0.106779330320941,0.914987921725322,2,"Climate Change","News Domains","Mean","Model 1
Partisan vs. Non-Partisan News","att_climate_fold_r ~ domain_center_mean_ln + domain_left_mean_ln + domain_right_mean_ln","Study 2",-0.123012988408152,0.134848842326847,"(B=0.006; SE=0.055; CI95%=[-0.123,0.135])"
"122","8. Liberal News",0.0682103183768313,0.0954706691127088,0.714463604484693,0.475126436383923,2,"Climate Change","News Domains","Mean","Model 1
Partisan vs. Non-Partisan News","att_climate_fold_r ~ domain_center_mean_ln + domain_left_mean_ln + domain_right_mean_ln","Study 2",-0.153887669746775,0.290308306500438,"(B=0.068; SE=0.095; CI95%=[-0.154,0.29])"
"123","6. Conservative News",-0.0420763293379851,0.0386452385477498,-1.08878430873174,0.276541445522688,2,"Climate Change","News Domains","Mean","Model 1
Partisan vs. Non-Partisan News","att_climate_fold_r ~ domain_center_mean_ln + domain_left_mean_ln + domain_right_mean_ln","Study 2",-0.131978597875344,0.0478259391993739,"(B=-0.042; SE=0.039; CI95%=[-0.132,0.048])"
"124","5. Congenial News",0.0195824531472673,0.0562673356998189,0.348025242420183,0.727902790554579,2,"Climate Change","News Domains","Mean","Model 2
Congenial vs. Cross-Cutting News","att_climate_fold_r ~ domain_congenial_mean_ln + domain_cross_mean_ln","Study 2",-0.111314943635949,0.150479849930483,"(B=0.02; SE=0.056; CI95%=[-0.111,0.15])"
"125","4. Cross-Cutting News",-0.0380199977066351,0.0429993699256688,-0.884198949248759,0.376825491993736,2,"Climate Change","News Domains","Mean","Model 2
Congenial vs. Cross-Cutting News","att_climate_fold_r ~ domain_congenial_mean_ln + domain_cross_mean_ln","Study 2",-0.13805149051831,0.0620114951050403,"(B=-0.038; SE=0.043; CI95%=[-0.138,0.062])"
"126","0. Intercept",57.462154303262,1.79175009708854,32.0704066915546,6.60320502747278e-151,2,"Climate Change","News Domains","Mean","Model 3
Strong vs. Weak Partisans","att_climate_fold_r ~ domain_congenial_mean_ln + domain_cross_mean_ln | partisan | domain_congenial_mean_ln*partisan + domain_cross_mean_ln*partisan","Study 2",53.2939202740876,61.6303883324364,"(B=57.462; SE=1.792; CI95%=[53.294,61.63])"
"127","5. Congenial News",-0.102390852772587,0.11325862021801,-0.90404467735433,0.366214980285217,2,"Climate Change","News Domains","Mean","Model 3
Strong vs. Weak Partisans","att_climate_fold_r ~ domain_congenial_mean_ln + domain_cross_mean_ln | partisan | domain_congenial_mean_ln*partisan + domain_cross_mean_ln*partisan","Study 2",-0.365869803133553,0.161088097588379,"(B=-0.102; SE=0.113; CI95%=[-0.366,0.161])"
"128","4. Cross-Cutting News",-0.0417988337358238,0.0923026681017312,-0.452845346677902,0.65076986089825,2,"Climate Change","News Domains","Mean","Model 3
Strong vs. Weak Partisans","att_climate_fold_r ~ domain_congenial_mean_ln + domain_cross_mean_ln | partisan | domain_congenial_mean_ln*partisan + domain_cross_mean_ln*partisan","Study 2",-0.256526949442583,0.172929281970936,"(B=-0.042; SE=0.092; CI95%=[-0.257,0.173])"
"129","3. Partisanship Strength",5.23509089446808,0.8073157054559,6.48456466174131,1.46883675234142e-10,2,"Climate Change","News Domains","Mean","Model 3
Strong vs. Weak Partisans","att_climate_fold_r ~ domain_congenial_mean_ln + domain_cross_mean_ln | partisan | domain_congenial_mean_ln*partisan + domain_cross_mean_ln*partisan","Study 2",3.35699371940097,7.1131880695352,"(B=5.235; SE=0.807; CI95%=[3.357,7.113])"
"130","2. Congenial × Partisan",0.0714714671377523,0.0545518455281522,1.31015672239482,0.190478969905723,2,"Climate Change","News Domains","Mean","Model 3
Strong vs. Weak Partisans","att_climate_fold_r ~ domain_congenial_mean_ln + domain_cross_mean_ln | partisan | domain_congenial_mean_ln*partisan + domain_cross_mean_ln*partisan","Study 2",-0.055435102731669,0.198378037007174,"(B=0.071; SE=0.055; CI95%=[-0.055,0.198])"
"131","1. Cross-Cutting × Partisan",0.0043898586435305,0.0419283114036444,0.10469915187543,0.916637993101846,2,"Climate Change","News Domains","Mean","Model 3
Strong vs. Weak Partisans","att_climate_fold_r ~ domain_congenial_mean_ln + domain_cross_mean_ln | partisan | domain_congenial_mean_ln*partisan + domain_cross_mean_ln*partisan","Study 2",-0.0931499794524601,0.101929696739521,"(B=0.004; SE=0.042; CI95%=[-0.093,0.102])"
"132","0. Wave",-0.446662847291336,0.513148762087863,-0.870435398643438,0.384295905747584,2,"Climate Change","News Domains","Mean","Model 3
Strong vs. Weak Partisans","att_climate_fold_r ~ domain_congenial_mean_ln + domain_cross_mean_ln | partisan | domain_congenial_mean_ln*partisan + domain_cross_mean_ln*partisan","Study 2",-1.64042537904113,0.747099684458454,"(B=-0.447; SE=0.513; CI95%=[-1.64,0.747])"
"133","7. Centrist News",0.0349196171471219,0.0481447691137339,0.725304488731271,0.468454423022521,2,"Climate Change","Political News","Mean","Model 1
Partisan vs. Non-Partisan News","att_climate_fold_r ~ page_center_mean_ln + page_left_mean_ln + page_right_mean_ln","Study 2",-0.0770818641268002,0.146921098421044,"(B=0.035; SE=0.048; CI95%=[-0.077,0.147])"
"134","8. Liberal News",4.49245767072252e-05,0.103120286691132,0.000435652170380251,0.999652496735382,2,"Climate Change","Political News","Mean","Model 1
Partisan vs. Non-Partisan News","att_climate_fold_r ~ page_center_mean_ln + page_left_mean_ln + page_right_mean_ln","Study 2",-0.239848735137689,0.239938584291103,"(B=0; SE=0.103; CI95%=[-0.24,0.24])"
"135","6. Conservative News",-0.0604532105027133,0.0440555669394215,-1.37220366692453,0.170343085142525,2,"Climate Change","Political News","Mean","Model 1
Partisan vs. Non-Partisan News","att_climate_fold_r ~ page_center_mean_ln + page_left_mean_ln + page_right_mean_ln","Study 2",-0.162941784991901,0.0420353639864739,"(B=-0.06; SE=0.044; CI95%=[-0.163,0.042])"
"136","5. Congenial News",-0.0196527966154917,0.0619414971635572,-0.317279974095529,0.751104923920315,2,"Climate Change","Political News","Mean","Model 2
Congenial vs. Cross-Cutting News","att_climate_fold_r ~ page_congenial_mean_ln + page_cross_mean_ln","Study 2",-0.16375026685684,0.124444673625856,"(B=-0.02; SE=0.062; CI95%=[-0.164,0.124])"
"137","4. Cross-Cutting News",-0.0535231937876964,0.0485858648131959,-1.10162068728186,0.270921784772366,2,"Climate Change","Political News","Mean","Model 2
Congenial vs. Cross-Cutting News","att_climate_fold_r ~ page_congenial_mean_ln + page_cross_mean_ln","Study 2",-0.16655081710431,0.0595044295289176,"(B=-0.054; SE=0.049; CI95%=[-0.167,0.06])"
"138","0. Intercept",57.4769860650195,1.78876016496621,32.1323043696611,2.61828423087986e-151,2,"Climate Change","Political News","Mean","Model 3
Strong vs. Weak Partisans","att_climate_fold_r ~ page_congenial_mean_ln + page_cross_mean_ln | partisan | page_congenial_mean_ln*partisan + page_cross_mean_ln*partisan","Study 2",53.3157076580814,61.6382644719576,"(B=57.477; SE=1.789; CI95%=[53.316,61.638])"
"139","5. Congenial News",-0.159395178200171,0.127680990456227,-1.24838613509046,0.21221615080154,2,"Climate Change","Political News","Mean","Model 3
Strong vs. Weak Partisans","att_climate_fold_r ~ page_congenial_mean_ln + page_cross_mean_ln | partisan | page_congenial_mean_ln*partisan + page_cross_mean_ln*partisan","Study 2",-0.456425578903444,0.137635222503101,"(B=-0.159; SE=0.128; CI95%=[-0.456,0.138])"
"140","4. Cross-Cutting News",-0.0652060727549041,0.108327194923392,-0.601936317108712,0.547368978718959,2,"Climate Change","Political News","Mean","Model 3
Strong vs. Weak Partisans","att_climate_fold_r ~ page_congenial_mean_ln + page_cross_mean_ln | partisan | page_congenial_mean_ln*partisan + page_cross_mean_ln*partisan","Study 2",-0.317212812365745,0.186800666855936,"(B=-0.065; SE=0.108; CI95%=[-0.317,0.187])"
"141","3. Partisanship Strength",5.40240402194565,0.816201452119171,6.6189590914338,6.22191622022384e-11,2,"Climate Change","Political News","Mean","Model 3
Strong vs. Weak Partisans","att_climate_fold_r ~ page_congenial_mean_ln + page_cross_mean_ln | partisan | page_congenial_mean_ln*partisan + page_cross_mean_ln*partisan","Study 2",3.50363550901917,7.30117253487213,"(B=5.402; SE=0.816; CI95%=[3.504,7.301])"
"142","2. Congenial × Partisan",0.0820025793333386,0.0616749519359441,1.32959291834563,0.183991207546561,2,"Climate Change","Political News","Mean","Model 3
Strong vs. Weak Partisans","att_climate_fold_r ~ page_congenial_mean_ln + page_cross_mean_ln | partisan | page_congenial_mean_ln*partisan + page_cross_mean_ln*partisan","Study 2",-0.061474813984416,0.225479972651093,"(B=0.082; SE=0.062; CI95%=[-0.061,0.225])"
"143","1. Cross-Cutting × Partisan",0.00850969722003485,0.0486580571256476,0.174887731297216,0.861207405292766,2,"Climate Change","Political News","Mean","Model 3
Strong vs. Weak Partisans","att_climate_fold_r ~ page_congenial_mean_ln + page_cross_mean_ln | partisan | page_congenial_mean_ln*partisan + page_cross_mean_ln*partisan","Study 2",-0.104685870529173,0.121705264969243,"(B=0.009; SE=0.049; CI95%=[-0.105,0.122])"
"144","0. Wave",-0.384828976775035,0.51645315584561,-0.745138203570349,0.456383801417939,2,"Climate Change","Political News","Mean","Model 3
Strong vs. Weak Partisans","att_climate_fold_r ~ page_congenial_mean_ln + page_cross_mean_ln | partisan | page_congenial_mean_ln*partisan + page_cross_mean_ln*partisan","Study 2",-1.58627867791815,0.816620724368082,"(B=-0.385; SE=0.516; CI95%=[-1.586,0.817])"
"145","7. Centrist News",-0.0633888205058371,0.062202880754652,-1.01906567247042,0.308446560504003,2,"Immigration","News Domains","Mean","Model 1
Partisan vs. Non-Partisan News","att_immigrant_fold_r ~ domain_center_mean_ln + domain_left_mean_ln + domain_right_mean_ln","Study 2",-0.208094359908638,0.0813167188969636,"(B=-0.063; SE=0.062; CI95%=[-0.208,0.081])"
"146","8. Liberal News",0.0814157656928845,0.107151451083107,0.759819534592567,0.447562108861908,2,"Immigration","News Domains","Mean","Model 1
Partisan vs. Non-Partisan News","att_immigrant_fold_r ~ domain_center_mean_ln + domain_left_mean_ln + domain_right_mean_ln","Study 2",-0.167855784734692,0.330687316120461,"(B=0.081; SE=0.107; CI95%=[-0.168,0.331])"
"147","6. Conservative News",0.00843126957703561,0.0433734614654857,0.194387749839721,0.84591629581846,2,"Immigration","News Domains","Mean","Model 1
Partisan vs. Non-Partisan News","att_immigrant_fold_r ~ domain_center_mean_ln + domain_left_mean_ln + domain_right_mean_ln","Study 2",-0.0924704902929895,0.109333029447061,"(B=0.008; SE=0.043; CI95%=[-0.092,0.109])"
"148","5. Congenial News",0.0382356473750073,0.0631194905566511,0.605766095984092,0.54482315860439,2,"Immigration","News Domains","Mean","Model 2
Congenial vs. Cross-Cutting News","att_immigrant_fold_r ~ domain_congenial_mean_ln + domain_cross_mean_ln","Study 2",-0.108602245291999,0.185073540042014,"(B=0.038; SE=0.063; CI95%=[-0.109,0.185])"
"149","4. Cross-Cutting News",-0.0306261474541569,0.0482357710776403,-0.634926046996555,0.525638382056132,2,"Immigration","News Domains","Mean","Model 2
Congenial vs. Cross-Cutting News","att_immigrant_fold_r ~ domain_congenial_mean_ln + domain_cross_mean_ln","Study 2",-0.142839330953346,0.0815870360450323,"(B=-0.031; SE=0.048; CI95%=[-0.143,0.082])"
"150","0. Intercept",49.6054391036075,1.73644866293303,28.5671786114421,3.98863760745947e-128,2,"Immigration","News Domains","Mean","Model 3
Strong vs. Weak Partisans","att_immigrant_fold_r ~ domain_congenial_mean_ln + domain_cross_mean_ln | partisan | domain_congenial_mean_ln*partisan + domain_cross_mean_ln*partisan","Study 2",45.5658554482122,53.6450227590028,"(B=49.605; SE=1.736; CI95%=[45.566,53.645])"
"151","5. Congenial News",0.112908749553627,0.127153028394914,0.887975308011959,0.37479260316459,2,"Immigration","News Domains","Mean","Model 3
Strong vs. Weak Partisans","att_immigrant_fold_r ~ domain_congenial_mean_ln + domain_cross_mean_ln | partisan | domain_congenial_mean_ln*partisan + domain_cross_mean_ln*partisan","Study 2",-0.182893427730735,0.408710926837989,"(B=0.113; SE=0.127; CI95%=[-0.183,0.409])"
"152","4. Cross-Cutting News",-0.0318996955967608,0.103626229557399,-0.307834181876621,0.75828013308844,2,"Immigration","News Domains","Mean","Model 3
Strong vs. Weak Partisans","att_immigrant_fold_r ~ domain_congenial_mean_ln + domain_cross_mean_ln | partisan | domain_congenial_mean_ln*partisan + domain_cross_mean_ln*partisan","Study 2",-0.272970354422484,0.209170963228962,"(B=-0.032; SE=0.104; CI95%=[-0.273,0.209])"
"153","3. Partisanship Strength",6.07004629589128,0.782398326408146,7.75825572602872,2.34061092589298e-14,2,"Immigration","News Domains","Mean","Model 3
Strong vs. Weak Partisans","att_immigrant_fold_r ~ domain_congenial_mean_ln + domain_cross_mean_ln | partisan | domain_congenial_mean_ln*partisan + domain_cross_mean_ln*partisan","Study 2",4.24991561259858,7.89017697918399,"(B=6.07; SE=0.782; CI95%=[4.25,7.89])"
"154","2. Congenial × Partisan",-0.0379242976646496,0.0612441891847548,-0.619230953490848,0.535921811204392,2,"Immigration","News Domains","Mean","Model 3
Strong vs. Weak Partisans","att_immigrant_fold_r ~ domain_congenial_mean_ln + domain_cross_mean_ln | partisan | domain_congenial_mean_ln*partisan + domain_cross_mean_ln*partisan","Study 2",-0.180399586971959,0.10455099164266,"(B=-0.038; SE=0.061; CI95%=[-0.18,0.105])"
"155","1. Cross-Cutting × Partisan",0.00471819766122992,0.0470720176547818,0.100233597289846,0.920181321089867,2,"Immigration","News Domains","Mean","Model 3
Strong vs. Weak Partisans","att_immigrant_fold_r ~ domain_congenial_mean_ln + domain_cross_mean_ln | partisan | domain_congenial_mean_ln*partisan + domain_cross_mean_ln*partisan","Study 2",-0.104787690536785,0.114224085859245,"(B=0.005; SE=0.047; CI95%=[-0.105,0.114])"
"156","0. Wave",-0.488384322450457,0.576101130236067,-0.847740608060139,0.396809091774092,2,"Immigration","News Domains","Mean","Model 3
Strong vs. Weak Partisans","att_immigrant_fold_r ~ domain_congenial_mean_ln + domain_cross_mean_ln | partisan | domain_congenial_mean_ln*partisan + domain_cross_mean_ln*partisan","Study 2",-1.82859596200766,0.851827317106743,"(B=-0.488; SE=0.576; CI95%=[-1.829,0.852])"
"157","7. Centrist News",-0.0361568270458855,0.0540511721541441,-0.668936964822387,0.503707807396347,2,"Immigration","Political News","Mean","Model 1
Partisan vs. Non-Partisan News","att_immigrant_fold_r ~ page_center_mean_ln + page_left_mean_ln + page_right_mean_ln","Study 2",-0.161898656476094,0.0895850023843231,"(B=-0.036; SE=0.054; CI95%=[-0.162,0.09])"
"158","8. Liberal News",0.0260072193938092,0.115771089385847,0.224643471282638,0.822307805213809,2,"Immigration","Political News","Mean","Model 1
Partisan vs. Non-Partisan News","att_immigrant_fold_r ~ page_center_mean_ln + page_left_mean_ln + page_right_mean_ln","Study 2",-0.243316608274348,0.295331047061966,"(B=0.026; SE=0.116; CI95%=[-0.243,0.295])"
"159","6. Conservative News",0.00914774352870021,0.0494603064221946,0.184951210180843,0.853309112161989,2,"Immigration","Political News","Mean","Model 1
Partisan vs. Non-Partisan News","att_immigrant_fold_r ~ page_center_mean_ln + page_left_mean_ln + page_right_mean_ln","Study 2",-0.105914135165981,0.124209622223381,"(B=0.009; SE=0.049; CI95%=[-0.106,0.124])"
"160","5. Congenial News",0.044406089870053,0.0694927503350498,0.639003200419543,0.522983800891435,2,"Immigration","Political News","Mean","Model 2
Congenial vs. Cross-Cutting News","att_immigrant_fold_r ~ page_congenial_mean_ln + page_cross_mean_ln","Study 2",-0.117258222133141,0.206070401873247,"(B=0.044; SE=0.069; CI95%=[-0.117,0.206])"
"161","4. Cross-Cutting News",-0.0345628178491381,0.0545089403370502,-0.634076128345601,0.526192621086879,2,"Immigration","Political News","Mean","Model 2
Congenial vs. Cross-Cutting News","att_immigrant_fold_r ~ page_congenial_mean_ln + page_cross_mean_ln","Study 2",-0.161369575318454,0.0922439396201776,"(B=-0.035; SE=0.055; CI95%=[-0.161,0.092])"
"162","0. Intercept",49.439610258202,1.72084124233779,28.7299078159223,3.49006883444049e-129,2,"Immigration","Political News","Mean","Model 3
Strong vs. Weak Partisans","att_immigrant_fold_r ~ page_congenial_mean_ln + page_cross_mean_ln | partisan | page_congenial_mean_ln*partisan + page_cross_mean_ln*partisan","Study 2",45.4363348925277,53.4428856238763,"(B=49.44; SE=1.721; CI95%=[45.436,53.443])"
"163","5. Congenial News",0.0973463910608739,0.143337277663728,0.679142178835367,0.497223366256153,2,"Immigration","Political News","Mean","Model 3
Strong vs. Weak Partisans","att_immigrant_fold_r ~ page_congenial_mean_ln + page_cross_mean_ln | partisan | page_congenial_mean_ln*partisan + page_cross_mean_ln*partisan","Study 2",-0.23610598010294,0.430798762224688,"(B=0.097; SE=0.143; CI95%=[-0.236,0.431])"
"164","4. Cross-Cutting News",-0.0883410894512011,0.121610313029254,-0.726427613338601,0.467766602847442,2,"Immigration","Political News","Mean","Model 3
Strong vs. Weak Partisans","att_immigrant_fold_r ~ page_congenial_mean_ln + page_cross_mean_ln | partisan | page_congenial_mean_ln*partisan + page_cross_mean_ln*partisan","Study 2",-0.371248982628247,0.194566803725845,"(B=-0.088; SE=0.122; CI95%=[-0.371,0.195])"
"165","3. Partisanship Strength",6.12023342484979,0.785210420251657,7.79438640522407,1.7914068923874e-14,2,"Immigration","Political News","Mean","Model 3
Strong vs. Weak Partisans","att_immigrant_fold_r ~ page_congenial_mean_ln + page_cross_mean_ln | partisan | page_congenial_mean_ln*partisan + page_cross_mean_ln*partisan","Study 2",4.29356083302263,7.94690601667695,"(B=6.12; SE=0.785; CI95%=[4.294,7.947])"
"166","2. Congenial × Partisan",-0.0246827857922105,0.0692375558722675,-0.356494181246756,0.721554532930357,2,"Immigration","Political News","Mean","Model 3
Strong vs. Weak Partisans","att_immigrant_fold_r ~ page_congenial_mean_ln + page_cross_mean_ln | partisan | page_congenial_mean_ln*partisan + page_cross_mean_ln*partisan","Study 2",-0.185753426699444,0.136387855115023,"(B=-0.025; SE=0.069; CI95%=[-0.186,0.136])"
"167","1. Cross-Cutting × Partisan",0.0318888047124497,0.054624524918512,0.583781822542548,0.559514200519909,2,"Immigration","Political News","Mean","Model 3
Strong vs. Weak Partisans","att_immigrant_fold_r ~ page_congenial_mean_ln + page_cross_mean_ln | partisan | page_congenial_mean_ln*partisan + page_cross_mean_ln*partisan","Study 2",-0.0951868427022216,0.158964452127121,"(B=0.032; SE=0.055; CI95%=[-0.095,0.159])"
"168","0. Wave",-0.51262002463615,0.57978082042784,-0.884161749707193,0.376846351995013,2,"Immigration","Political News","Mean","Model 3
Strong vs. Weak Partisans","att_immigrant_fold_r ~ page_congenial_mean_ln + page_cross_mean_ln | partisan | page_congenial_mean_ln*partisan + page_cross_mean_ln*partisan","Study 2",-1.86139190364811,0.836151854375809,"(B=-0.513; SE=0.58; CI95%=[-1.861,0.836])"
"169","7. Centrist News",0.0676249461723907,0.0591375021830077,1.14352050181487,0.253127631787813,2,"Gun Control","News Domains","Mean","Model 1
Partisan vs. Non-Partisan News","att_gun_fold_r ~ domain_center_mean_ln + domain_left_mean_ln + domain_right_mean_ln","Study 2",-0.0699494563071348,0.205199348651916,"(B=0.068; SE=0.059; CI95%=[-0.07,0.205])"
"170","8. Liberal News",-0.00402864024450885,0.101870992074041,-0.0395464907378225,0.968463488060997,2,"Gun Control","News Domains","Mean","Model 1
Partisan vs. Non-Partisan News","att_gun_fold_r ~ domain_center_mean_ln + domain_left_mean_ln + domain_right_mean_ln","Study 2",-0.241016006082385,0.232958725593368,"(B=-0.004; SE=0.102; CI95%=[-0.241,0.233])"
"171","6. Conservative News",0.00356199066646661,0.041236002914671,0.0863805998325633,0.93118314589123,2,"Gun Control","News Domains","Mean","Model 1
Partisan vs. Non-Partisan News","att_gun_fold_r ~ domain_center_mean_ln + domain_left_mean_ln + domain_right_mean_ln","Study 2",-0.0923672970480201,0.0994912783809533,"(B=0.004; SE=0.041; CI95%=[-0.092,0.099])"
"172","5. Congenial News",0.0108037389336132,0.0600299259900239,0.17997255128065,0.857214720257441,2,"Gun Control","News Domains","Mean","Model 2
Congenial vs. Cross-Cutting News","att_gun_fold_r ~ domain_congenial_mean_ln + domain_cross_mean_ln","Study 2",-0.128846751772108,0.150454229639334,"(B=0.011; SE=0.06; CI95%=[-0.129,0.15])"
"173","4. Cross-Cutting News",0.0483288033800464,0.0458747328650194,1.05349503663046,0.292397543222991,2,"Gun Control","News Domains","Mean","Model 2
Congenial vs. Cross-Cutting News","att_gun_fold_r ~ domain_congenial_mean_ln + domain_cross_mean_ln","Study 2",-0.058391783892683,0.155049390652776,"(B=0.048; SE=0.046; CI95%=[-0.058,0.155])"
"174","0. Intercept",54.4426265741215,1.62806856316413,33.4400084897611,8.82660469791569e-160,2,"Gun Control","News Domains","Mean","Model 3
Strong vs. Weak Partisans","att_gun_fold_r ~ domain_congenial_mean_ln + domain_cross_mean_ln | partisan | domain_congenial_mean_ln*partisan + domain_cross_mean_ln*partisan","Study 2",50.655172733412,58.2300804148311,"(B=54.443; SE=1.628; CI95%=[50.655,58.23])"
"175","5. Congenial News",-0.141633192874512,0.120759659488977,-1.17285187349705,0.241167270343887,2,"Gun Control","News Domains","Mean","Model 3
Strong vs. Weak Partisans","att_gun_fold_r ~ domain_congenial_mean_ln + domain_cross_mean_ln | partisan | domain_congenial_mean_ln*partisan + domain_cross_mean_ln*partisan","Study 2",-0.422562169996591,0.139295784247566,"(B=-0.142; SE=0.121; CI95%=[-0.423,0.139])"
"176","4. Cross-Cutting News",0.086053571834287,0.0984158093082323,0.874387686685301,0.382141726967151,2,"Gun Control","News Domains","Mean","Model 3
Strong vs. Weak Partisans","att_gun_fold_r ~ domain_congenial_mean_ln + domain_cross_mean_ln | partisan | domain_congenial_mean_ln*partisan + domain_cross_mean_ln*partisan","Study 2",-0.142895836921928,0.315002980590502,"(B=0.086; SE=0.098; CI95%=[-0.143,0.315])"
"177","3. Partisanship Strength",5.42316434365352,0.733565089650173,7.39288772076074,3.29626254221132e-13,2,"Gun Control","News Domains","Mean","Model 3
Strong vs. Weak Partisans","att_gun_fold_r ~ domain_congenial_mean_ln + domain_cross_mean_ln | partisan | domain_congenial_mean_ln*partisan + domain_cross_mean_ln*partisan","Study 2",3.71663675687526,7.12969193043177,"(B=5.423; SE=0.734; CI95%=[3.717,7.13])"
"178","2. Congenial × Partisan",0.0897970232336998,0.0581647761361958,1.54383854282247,0.122980940595893,2,"Gun Control","News Domains","Mean","Model 3
Strong vs. Weak Partisans","att_gun_fold_r ~ domain_congenial_mean_ln + domain_cross_mean_ln | partisan | domain_congenial_mean_ln*partisan + domain_cross_mean_ln*partisan","Study 2",-0.0455144800748008,0.2251085265422,"(B=0.09; SE=0.058; CI95%=[-0.046,0.225])"
"179","1. Cross-Cutting × Partisan",-0.0165185550927027,0.0447051941680531,-0.369499683428444,0.711842714253724,2,"Gun Control","News Domains","Mean","Model 3
Strong vs. Weak Partisans","att_gun_fold_r ~ domain_congenial_mean_ln + domain_cross_mean_ln | partisan | domain_congenial_mean_ln*partisan + domain_cross_mean_ln*partisan","Study 2",-0.120518388504136,0.0874812783187306,"(B=-0.017; SE=0.045; CI95%=[-0.121,0.087])"
"180","0. Wave",-0.532637275096617,0.547134246008295,-0.973503813703048,0.330565996890893,2,"Gun Control","News Domains","Mean","Model 3
Strong vs. Weak Partisans","att_gun_fold_r ~ domain_congenial_mean_ln + domain_cross_mean_ln | partisan | domain_congenial_mean_ln*partisan + domain_cross_mean_ln*partisan","Study 2",-1.80546186511295,0.740187314919719,"(B=-0.533; SE=0.547; CI95%=[-1.805,0.74])"
"181","7. Centrist News",0.0811847264332917,0.0513452507213435,1.58115356907868,0.114195450398266,2,"Gun Control","Political News","Mean","Model 1
Partisan vs. Non-Partisan News","att_gun_fold_r ~ page_center_mean_ln + page_left_mean_ln + page_right_mean_ln","Study 2",-0.0382621884243995,0.200631641290983,"(B=0.081; SE=0.051; CI95%=[-0.038,0.201])"
"182","8. Liberal News",-0.0232365392849834,0.109975332150935,-0.211288648377006,0.832710032941936,2,"Gun Control","Political News","Mean","Model 1
Partisan vs. Non-Partisan News","att_gun_fold_r ~ page_center_mean_ln + page_left_mean_ln + page_right_mean_ln","Study 2",-0.279077419431247,0.23260434086128,"(B=-0.023; SE=0.11; CI95%=[-0.279,0.233])"
"183","6. Conservative News",-0.00872877569408949,0.0469842138993715,-0.185781030896555,0.852658482592744,2,"Gun Control","Political News","Mean","Model 1
Partisan vs. Non-Partisan News","att_gun_fold_r ~ page_center_mean_ln + page_left_mean_ln + page_right_mean_ln","Study 2",-0.118030401812372,0.100572850424193,"(B=-0.009; SE=0.047; CI95%=[-0.118,0.101])"
"184","5. Congenial News",0.00191558888049698,0.066099186701918,0.0289805211845578,0.976886565106825,2,"Gun Control","Political News","Mean","Model 2
Congenial vs. Cross-Cutting News","att_gun_fold_r ~ page_congenial_mean_ln + page_cross_mean_ln","Study 2",-0.151854113579339,0.155685291340333,"(B=0.002; SE=0.066; CI95%=[-0.152,0.156])"
"185","4. Cross-Cutting News",0.0513130917398347,0.0518470863059965,0.989700586779165,0.322587080204954,2,"Gun Control","Political News","Mean","Model 2
Congenial vs. Cross-Cutting News","att_gun_fold_r ~ page_congenial_mean_ln + page_cross_mean_ln","Study 2",-0.0693012672633321,0.171927450743002,"(B=0.051; SE=0.052; CI95%=[-0.069,0.172])"
"186","0. Intercept",54.2724229424054,1.60992458685789,33.711158513536,1.56082285179585e-161,2,"Gun Control","Political News","Mean","Model 3
Strong vs. Weak Partisans","att_gun_fold_r ~ page_congenial_mean_ln + page_cross_mean_ln | partisan | page_congenial_mean_ln*partisan + page_cross_mean_ln*partisan","Study 2",50.5271783024025,58.0176675824083,"(B=54.272; SE=1.61; CI95%=[50.527,58.018])"
"187","5. Congenial News",-0.249935039986924,0.135978265173649,-1.8380513949619,0.0663861075235572,2,"Gun Control","Political News","Mean","Model 3
Strong vs. Weak Partisans","att_gun_fold_r ~ page_congenial_mean_ln + page_cross_mean_ln | partisan | page_congenial_mean_ln*partisan + page_cross_mean_ln*partisan","Study 2",-0.566267788089403,0.0663977081155558,"(B=-0.25; SE=0.136; CI95%=[-0.566,0.066])"
"188","4. Cross-Cutting News",0.0437987953578039,0.115366774522794,0.379648261286445,0.704296594425737,2,"Gun Control","Political News","Mean","Model 3
Strong vs. Weak Partisans","att_gun_fold_r ~ page_congenial_mean_ln + page_cross_mean_ln | partisan | page_congenial_mean_ln*partisan + page_cross_mean_ln*partisan","Study 2",-0.224584455288246,0.312182046003854,"(B=0.044; SE=0.115; CI95%=[-0.225,0.312])"
"189","3. Partisanship Strength",5.4528449648829,0.734599758722009,7.4228787855434,2.6638204900375e-13,2,"Gun Control","Political News","Mean","Model 3
Strong vs. Weak Partisans","att_gun_fold_r ~ page_congenial_mean_ln + page_cross_mean_ln | partisan | page_congenial_mean_ln*partisan + page_cross_mean_ln*partisan","Study 2",3.74391037790904,7.16177955185676,"(B=5.453; SE=0.735; CI95%=[3.744,7.162])"
"190","2. Congenial × Partisan",0.146183617940655,0.0656828627264838,2.22559754359965,0.0262895938978969,2,"Gun Control","Political News","Mean","Model 3
Strong vs. Weak Partisans","att_gun_fold_r ~ page_congenial_mean_ln + page_cross_mean_ln | partisan | page_congenial_mean_ln*partisan + page_cross_mean_ln*partisan","Study 2",-0.00661757012401648,0.298984806005327,"(B=0.146; SE=0.066; CI95%=[-0.007,0.299])"
"191","1. Cross-Cutting × Partisan",0.00707316065126901,0.0518200725967439,0.136494611003564,0.891460980504824,2,"Gun Control","Political News","Mean","Model 3
Strong vs. Weak Partisans","att_gun_fold_r ~ page_congenial_mean_ln + page_cross_mean_ln | partisan | page_congenial_mean_ln*partisan + page_cross_mean_ln*partisan","Study 2",-0.113478355066808,0.127624676369346,"(B=0.007; SE=0.052; CI95%=[-0.113,0.128])"
"192","0. Wave",-0.529603048767952,0.550014563048191,-0.9628891384855,0.335863238273947,2,"Gun Control","Political News","Mean","Model 3
Strong vs. Weak Partisans","att_gun_fold_r ~ page_congenial_mean_ln + page_cross_mean_ln | partisan | page_congenial_mean_ln*partisan + page_cross_mean_ln*partisan","Study 2",-1.80912825820661,0.74992216067071,"(B=-0.53; SE=0.55; CI95%=[-1.809,0.75])"
