person_id,visits_w1,day_range_w1,active_days_w1,count_domains_w1,visits_w2,day_range_w2,active_days_w2,count_domains_w2
2-lucky-swans-floundered-fast,0,0,0,0,15012,114,109,661
24-useful-kingfishers-snuggled-quickly,6872,64,48,415,1188,5,5,153
2-bad-flies-sang-fast,18,1,1,8,1514,89,44,124
5-salty-goats-hopped-easily,19526,90,90,756,16205,91,89,715
22-weak-snails-cuddled-merrily,7462,90,47,450,9528,72,47,575
10-fair-trouts-snuggled-easily,6630,90,62,295,83,90,3,17
13-healthy-bees-loitered-easily,2692,90,62,262,26,80,2,10
17-weak-pigs-fought-merrily,2776,71,36,263,10395,90,83,678
18-salty-hares-knitted-cordially,1286,63,63,119,2726,90,87,178
10-whole-clams-jumped-fast,67,86,9,16,75,2,3,19
28-funny-spiders-sat-fast,18437,91,91,382,32646,91,91,554
31-dapper-robins-hopped-easily,19748,84,78,1161,21280,90,87,1187
32-lazy-cattle-cried-jovially,11644,90,91,551,120,90,19,29
4-proud-pheasants-sang-correctly,7157,90,91,367,11494,90,90,467
8-hungry-stoats-cried-easily,8747,90,90,525,294,90,83,50
14-happy-lobsters-talked-fast,5618,90,85,370,2801,15,15,159
15-sour-sparrows-drove-easily,6,40,2,4,11,1,1,4
17-exciting-frogs-drove-loudly,3698,86,45,246,4915,91,87,352
23-old-kingfishers-played-carefully,6889,90,69,617,9504,89,68,524
29-full-owls-loitered-merrily,12794,72,72,586,12572,85,86,552
30-full-donkeys-felt-carefully,15971,72,73,916,24070,90,91,1035
9-noisy-deer-ran-quickly,18654,90,89,1043,6718,91,72,478
19-hard-hares-listened-jovially,3,1,1,2,38,5,2,11
2-fair-sparrows-married-correctly,5679,90,54,290,2185,88,34,159
21-near-frogs-kissed-quietly,813,82,16,95,207,18,3,26
34-important-rabbits-ran-loudly,18287,90,89,1017,15719,90,76,791
9-expensive-squirrels-knitted-quickly,3244,36,36,315,3583,45,45,300
10-safe-starlings-ran-carefully,6014,40,38,300,13841,90,83,547
10-soft-snakes-played-easily,6369,15,15,101,139,1,1,15
9-able-rats-engaged-easily,6347,90,66,480,5194,90,34,453
7-rich-oysters-felt-merrily,18811,91,91,793,11381,98,65,610
27-careful-rats-floundered-easily,1070,85,30,111,66,20,6,18
32-fine-sparrows-talked-carefully,11073,84,71,625,11537,90,85,598
8-proud-flies-knitted-carefully,13196,90,63,831,20430,90,59,1040
9-cold-trouts-sat-quietly,580,80,11,143,1471,12,13,245
9-cute-ferrets-fought-quickly,140,87,10,18,30,1,1,12
12-near-pigs-floundered-quietly,458,2,2,48,359,8,8,31
15-fat-gerbils-snuggled-easily,219,1,1,29,351,2,2,44
17-clever-dogs-hugged-correctly,3917,90,52,251,2615,90,45,163
23-comfortable-swans-played-quickly,19939,90,90,715,6848,90,79,346
28-fast-otters-danced-jovially,6335,89,89,335,8099,90,91,428
29-thirsty-oysters-hopped-loudly,13,1,1,3,2356,6,7,220
30-interesting-bats-hugged-carefully,8174,90,86,226,2562,90,57,130
4-famous-badgers-cuddled-merrily,10104,90,83,643,1310,11,10,149
4-tidy-sheep-cried-fast,13730,90,84,870,3513,12,13,245
7-kind-doves-knitted-fast,12112,90,71,611,6610,90,67,322
16-weak-mussles-sat-cordially,9519,90,82,608,12769,90,85,574
18-funny-pikes-kissed-eagerly,1260,10,10,147,6143,35,34,395
20-far-weasels-listened-quickly,19440,90,68,836,3,1,1,2
24-free-swans-whimpered-loudly,1982,90,81,226,5251,90,59,254
26-comfortable-rats-sat-quietly,10411,90,45,585,5851,90,83,302
26-dry-trouts-floundered-loudly,989,5,6,154,7015,53,32,719
26-lucky-owls-hugged-merrily,17,1,1,9,783,22,11,112
29-deep-toads-married-quickly,7527,22,23,430,1051,14,9,98
3-sour-badgers-played-merrily,24804,87,82,514,5166,39,35,295
30-deep-ants-hugged-easily,373,6,7,67,450,3,4,71
4-brave-moths-loitered-merrily,131,85,8,16,55,43,5,10
4-funny-clams-played-carefully,39309,91,91,1063,13731,90,91,599
5-dapper-chickens-kissed-merrily,734,90,24,104,992,90,20,107
13-dangerous-moles-hugged-carefully,16399,90,90,585,12856,91,86,506
15-comfortable-donkeys-loitered-loudly,40509,90,87,1700,4395,90,88,428
17-interesting-doves-whispered-loudly,1574,8,6,138,3490,36,26,252
17-safe-pigeons-engaged-quietly,1030,8,9,85,101,3,3,19
18-healthy-cattle-knitted-jovially,5853,90,81,435,4533,90,85,314
2-long-pikes-engaged-jovially,8914,89,69,413,3558,90,87,267
23-fast-sparrows-listened-easily,14211,90,87,781,6453,92,78,502
29-careful-rats-drove-cordially,1194,35,32,143,25507,80,80,1108
3-fast-newts-hugged-quietly,1239,90,84,114,911,92,72,81
32-sad-clams-sat-easily,1973,22,17,211,700,87,39,108
12-hungry-mussles-sat-loudly,39194,90,91,1714,26946,90,90,1275
15-early-greg-fought-quickly,7742,60,60,676,5776,93,56,370
15-sad-otters-went-loudly,3720,84,57,336,2427,11,10,173
18-interesting-badgers-knitted-easily,4832,90,91,438,4879,90,91,227
25-free-oysters-whimpered-fast,2253,15,11,95,6262,90,81,336
32-cute-moles-walked-loudly,344,1,2,29,2338,9,9,149
33-high-sparrows-whimpered-carefully,115,1,2,13,219,5,3,27
6-cute-goats-floundered-loudly,4207,90,69,142,3104,92,38,103
7-lucky-bees-listened-eagerly,17051,91,88,698,1523,84,11,136
7-safe-doves-engaged-easily,6432,90,54,459,9085,90,88,341
15-cool-platypuses-cried-loudly,9933,91,85,700,10058,92,86,690
16-fine-parrots-played-quickly,11901,33,28,643,59,1,2,11
20-noisy-foxes-played-quickly,8543,90,90,589,8634,90,90,491
21-quiet-geese-cried-merrily,61,1,1,7,6641,93,76,304
22-fast-butterflies-snuggled-merrily,4052,11,12,271,12053,35,34,521
24-hungry-parrots-drove-carefully,2351,90,51,179,1091,92,23,112
24-soft-peafowl-cuddled-merrily,3678,89,59,282,761,90,69,106
25-fine-ants-talked-carefully,10933,91,89,786,2944,92,37,225
25-polite-otters-cuddled-merrily,2825,9,9,90,233,88,56,19
8-dead-owls-jumped-jovially,7257,90,87,302,5725,22,23,200
13-cold-stoats-engaged-correctly,413,4,2,40,6880,48,25,227
13-tidy-bats-knitted-quietly,13069,90,85,908,4481,76,75,333
18-important-snakes-snuggled-easily,11927,90,89,530,4974,14,15,255
2-far-deer-whimpered-patiently,8887,90,90,309,17521,91,56,656
20-clear-snails-whimpered-easily,12043,83,63,626,15206,91,74,778
22-good-butterflies-fought-loudly,1090,2,2,105,37,1,1,11
28-bright-parrots-knitted-quietly,2916,81,17,281,6893,62,61,868
29-comfortable-horses-danced-cordially,6743,90,59,497,5407,90,28,413
31-dapper-peafowl-played-loudly,7720,90,91,478,9103,90,91,537
31-good-weasels-walked-eagerly,19763,90,89,710,23633,90,90,796
8-sad-greg-fought-carefully,14922,91,88,541,13632,91,83,511
9-comfortable-cockles-engaged-quietly,12872,91,86,697,16226,90,87,749
10-warm-rabbits-listened-cordially,712,4,5,97,3414,19,20,264
13-able-clams-played-fast,11841,43,43,754,17573,90,85,944
13-far-squirrels-sang-patiently,0,0,0,0,10027,91,88,449
14-hard-moles-played-quickly,21993,91,89,733,4157,89,87,256
15-full-stoats-knitted-eagerly,1328,90,80,123,280,25,10,49
16-far-moles-knitted-quickly,38658,91,92,1759,32366,90,91,2082
17-sad-cattle-danced-fast,210,17,9,28,1647,82,19,89
18-important-parrots-talked-merrily,7608,66,34,428,19101,82,56,956
18-whole-donkeys-sat-loudly,0,0,0,0,22586,91,75,839
19-free-deer-engaged-quickly,8908,90,85,424,8079,45,45,255
19-share-gerbils-played-eagerly,10538,24,24,469,1364,64,62,99
2-expensive-geese-sat-loudly,1434,21,21,58,204,6,6,29
21-cute-frogs-cried-loudly,33284,91,92,1510,27346,90,89,1387
26-strong-deer-ran-eagerly,0,0,0,0,5177,91,28,483
28-funny-horses-listened-fast,6726,91,92,303,10172,90,88,310
28-sour-deer-kissed-fast,26924,91,90,1227,14678,90,80,563
3-famous-platypuses-talked-fast,14065,90,91,742,6603,88,72,507
3-light-pheasants-kissed-merrily,74185,91,91,2089,4953,89,15,556
3-narrow-platypuses-snuggled-patiently,4592,90,84,217,3037,90,78,147
3-strong-gerbils-whimpered-cordially,24729,91,91,1414,20959,90,85,1271
3-weak-kingfishers-listened-quickly,2244,91,89,141,4807,90,83,135
32-lazy-mice-danced-easily,46,16,14,12,323,45,45,33
32-sweet-rabbits-went-patiently,5150,90,88,206,2473,90,79,153
33-brave-platypuses-whispered-quickly,7382,90,69,567,600,17,9,79
33-good-salmons-played-patiently,4420,6,6,217,8904,10,10,303
34-thick-hawks-loitered-eagerly,15081,91,89,591,11583,89,82,547
4-cool-badgers-hid-quickly,983,9,9,102,801,8,9,71
8-dapper-pigs-played-correctly,9779,90,86,452,3867,90,61,290
8-short-hedgehogs-sang-quietly,17306,91,91,876,5689,90,91,400
8-warm-bats-listened-eagerly,0,0,0,0,12530,91,91,970
10-important-swans-kissed-easily,14758,91,87,615,5907,29,26,421
10-large-robins-danced-quickly,8461,91,87,530,7314,89,84,345
10-light-snails-walked-correctly,19290,91,92,1254,1320,89,16,236
11-bitter-rooks-whispered-eagerly,2047,82,82,192,12050,59,60,589
12-dead-platypuses-played-carefully,33245,91,92,732,28739,89,84,573
13-careful-parrots-went-easily,950,2,3,86,113,1,1,12
13-fat-badgers-ran-quietly,2702,84,64,101,2133,90,54,143
13-free-squirrels-cuddled-easily,12905,91,84,973,17205,89,85,1300
14-far-newts-hugged-quietly,28717,91,90,1644,32541,88,89,2058
14-share-pheasants-whimpered-easily,30326,91,92,666,24830,89,89,564
15-hungry-pigeons-went-quickly,10445,89,59,403,9384,87,57,353
15-warm-spiders-snuggled-easily,3766,61,62,227,584,34,30,51
16-good-frogs-whimpered-fast,41415,91,91,1793,31718,89,88,1290
16-near-pikes-hopped-easily,1250,91,86,160,1454,89,75,154
19-brave-newts-listened-carefully,429,1,2,57,4989,89,35,325
19-free-kingfishers-engaged-merrily,0,0,0,0,22226,90,89,787
19-good-ants-sang-merrily,1324,5,5,113,23,89,9,10
19-great-dragonflies-engaged-correctly,9959,83,67,564,2913,27,26,219
19-strong-badgers-whimpered-easily,1381,17,15,106,3191,38,38,173
2-thick-clams-whimpered-easily,34495,91,92,1160,8542,89,89,357
20-free-ants-walked-easily,9903,91,68,745,11470,89,84,898
20-strong-pigeons-went-jovially,2436,15,16,191,6189,36,34,404
21-dead-badgers-sat-carefully,0,0,0,0,7615,90,88,425
22-full-rats-sang-quickly,29127,91,92,875,5366,89,85,330
23-hard-greg-walked-carefully,30683,90,91,663,1007,7,7,92
23-whole-starlings-fought-quietly,6173,91,91,358,6285,89,89,312
24-far-crows-hid-cordially,426,85,35,72,902,89,48,60
24-good-stoats-cuddled-carefully,0,0,0,0,2827,90,72,288
27-healthy-robins-felt-cordially,0,0,0,0,15795,90,91,459
28-cloudy-swans-felt-carefully,19931,91,88,953,4081,89,90,353
28-loud-toads-engaged-correctly,15099,92,90,416,7845,89,69,231
29-far-newts-listened-correctly,1126,3,3,108,5059,68,69,234
3-afraid-owls-danced-quickly,7027,90,37,561,1398,90,78,160
3-bitter-greg-hopped-eagerly,3892,11,11,182,22653,89,88,566
3-long-hedgehogs-went-loudly,5141,94,95,325,14292,80,40,789
3-long-otters-married-patiently,4886,16,16,381,13291,53,52,788
31-low-lobsters-whimpered-patiently,8258,90,89,459,9609,89,86,460
32-clever-foxes-jumped-loudly,4478,90,61,125,1208,30,21,36
34-light-otters-played-easily,2669,91,82,154,3394,89,82,272
6-noisy-pigs-knitted-easily,1132,9,8,346,2451,34,33,765
7-short-snails-kissed-quickly,9483,91,71,404,7663,89,72,347
9-loud-mice-jumped-merrily,441,1,1,42,44589,90,90,1648
11-able-swans-sat-fast,11091,91,91,561,10548,87,87,714
11-high-butterflies-hopped-jovially,2790,91,88,201,1371,87,83,163
11-lucky-spiders-cried-cordially,8848,90,77,792,1860,83,34,223
12-fresh-trouts-sat-correctly,6409,14,15,449,3490,16,17,335
13-weak-ferrets-felt-easily,13662,91,92,660,19385,88,88,785
14-careful-crows-married-carefully,1258,91,67,128,3840,88,56,184
15-short-bats-played-eagerly,10061,75,54,467,1072,26,7,39
15-short-trouts-whimpered-easily,2065,59,15,174,10969,88,50,421
16-salty-butterflies-floundered-loudly,14992,90,87,532,2513,25,25,202
18-heavy-stoats-hopped-easily,23007,91,87,925,12812,88,75,603
18-weak-bats-ran-loudly,2713,91,64,190,6726,87,80,431
20-windy-rooks-floundered-merrily,9469,91,58,914,6204,87,88,700
21-late-hawks-hopped-quietly,2367,34,34,302,3310,29,29,296
21-old-snails-played-quickly,11374,91,91,461,6973,88,88,343
24-strong-crows-danced-carefully,2372,13,13,136,7281,35,35,221
26-sour-swans-hopped-eagerly,7996,29,29,345,232,1,2,35
28-rich-hares-cuddled-carefully,7008,91,85,302,2836,87,72,168
28-tidy-hedgehogs-cried-quietly,8720,91,79,666,8627,87,73,380
29-hard-oysters-danced-jovially,19993,91,91,797,14914,87,88,844
29-long-pikes-felt-carefully,453,87,55,37,54,84,11,16
30-important-rats-loitered-easily,7187,89,19,340,38774,86,52,1136
30-proud-trouts-engaged-carefully,8833,91,68,601,7143,87,80,549
31-cold-herons-knitted-easily,7344,90,66,427,9233,88,80,417
31-free-clams-married-merrily,2966,90,54,236,5421,48,43,317
31-good-rats-whispered-quickly,6767,48,46,283,19813,85,85,525
31-windy-foxes-jumped-carefully,5669,91,79,290,3825,88,72,172
33-happy-dragonflies-played-loudly,5699,91,90,378,4798,88,85,335
34-early-donkeys-walked-easily,4162,31,32,317,3189,75,53,254
34-lazy-newts-hopped-eagerly,6025,91,67,343,490,88,5,46
4-salty-pigeons-fought-loudly,6263,60,32,333,15663,88,80,567
5-important-weasels-hid-eagerly,24869,91,91,530,23796,88,89,716
9-close-trouts-jumped-patiently,23646,90,83,1005,49,1,1,12
9-far-trouts-hid-quickly,4346,12,12,386,1148,88,19,169
10-whole-trouts-played-loudly,7525,91,70,483,15699,87,76,643
13-happy-guinea-pigs-loitered-carefully,9735,90,62,841,5504,86,39,671
14-dirty-peafowl-played-correctly,2078,9,10,220,12365,87,87,770
18-low-pigeons-danced-loudly,5966,91,63,547,11005,87,87,813
19-tidy-parrots-floundered-carefully,13893,91,91,473,13664,87,87,436
27-interesting-oysters-drove-easily,8368,90,82,447,11679,88,86,591
3-able-squirrels-kissed-patiently,2898,24,23,185,7425,42,43,391
3-dark-snails-cuddled-easily,60,69,3,17,62,86,9,8
32-salty-mussles-hopped-correctly,20628,27,27,447,9177,26,26,353
33-dark-ducks-went-easily,2206,90,67,174,540,33,13,61
33-whole-hares-felt-correctly,0,0,0,0,370,88,9,40
34-cold-trouts-jumped-correctly,17769,90,89,985,6337,24,25,461
34-full-chickens-sang-eagerly,200,17,12,53,361,52,29,96
4-afraid-crows-floundered-easily,1822,88,27,92,27,3,2,10
5-whole-hawks-kissed-loudly,336,2,2,84,17028,87,70,1118
8-busy-rabbits-hid-quietly,45633,91,91,992,33832,87,88,794
8-long-oysters-sat-patiently,2299,16,15,323,11548,86,74,823
8-salty-guinea-pigs-ran-carefully,9857,91,88,855,12961,87,88,1113
9-high-sheep-played-quickly,11437,91,58,643,7943,87,82,476
9-rich-hedgehogs-married-loudly,30699,90,90,995,238,12,8,32
9-sad-greg-knitted-easily,10885,91,90,421,6066,87,77,300
10-expensive-salmons-felt-quickly,379,191,20,29,3,1,1,2
10-long-hares-whispered-patiently,4648,91,58,270,4331,86,85,242
11-clean-pheasants-hugged-fast,5653,91,89,308,5031,86,75,353
12-deep-sparrows-kissed-cordially,3570,91,67,196,10313,85,68,533
14-deep-badgers-danced-quietly,34025,92,93,1971,15937,86,87,761
16-fine-rabbits-sat-fast,6242,62,56,417,8382,86,74,555
19-hungry-salmons-danced-quietly,3852,79,60,146,10616,86,76,367
2-windy-hares-hopped-merrily,13407,90,91,1022,9961,72,73,754
23-healthy-ferrets-sang-quickly,16670,91,91,877,13516,86,78,588
24-free-oysters-loitered-fast,16795,90,79,585,7459,85,45,289
26-funny-moles-whimpered-easily,2391,91,73,179,4601,86,47,307
26-interesting-hedgehogs-hid-jovially,21562,91,85,1033,27350,86,84,1038
29-dark-platypuses-sang-carefully,12940,91,82,521,20582,86,87,707
29-far-rabbits-kissed-carefully,22016,91,91,670,21801,86,87,707
29-safe-guinea-pigs-snuggled-correctly,13392,43,30,874,14399,80,45,999
30-clever-trouts-cuddled-carefully,3663,56,47,262,4675,86,65,280
32-fast-deer-hid-quietly,5096,18,19,244,1677,9,7,136
33-close-starlings-sat-eagerly,8627,90,70,605,2225,15,11,141
33-dark-rooks-walked-patiently,3265,20,19,242,3347,86,46,151
34-able-robins-whimpered-eagerly,3197,15,15,219,651,7,7,97
34-sweet-geese-listened-quickly,2905,5,6,271,20403,86,82,1116
4-hungry-owls-knitted-easily,7659,56,42,314,15512,86,77,769
5-dirty-hares-married-fast,4087,91,83,334,8757,86,82,457
6-dry-rabbits-fought-loudly,2700,91,77,337,477,68,45,71
6-far-snails-cried-patiently,3815,35,26,219,6557,86,61,323
7-lazy-sparrows-cried-fast,1247,62,19,82,3431,86,48,208
8-fresh-owls-married-jovially,12372,90,87,377,1719,3,3,63
8-large-butterflies-whimpered-quietly,28379,91,91,885,11147,86,75,416
9-dapper-hedgehogs-cried-jovially,7168,17,17,353,6586,23,20,294
9-fresh-deer-whispered-patiently,3171,90,91,336,3278,39,26,209
9-quiet-rooks-engaged-fast,9403,91,55,443,18369,86,76,890
9-sad-dragonflies-engaged-fast,6070,91,49,442,3750,83,51,325
13-cloudy-snails-whimpered-correctly,9690,91,88,461,7378,85,84,395
15-happy-foxes-cried-easily,7541,91,91,425,9251,85,86,526
15-interesting-hawks-danced-easily,2114,18,15,144,2022,11,12,154
2-free-ants-snuggled-loudly,1315,21,16,114,170,3,3,28
2-good-ants-loitered-fast,19215,91,91,891,13955,85,84,860
2-soft-rabbits-engaged-quickly,21719,70,47,885,22258,44,43,860
20-fair-doves-danced-easily,12091,91,91,594,11731,85,83,466
21-dapper-butterflies-loitered-quickly,1733,55,33,101,3274,84,51,221
22-lucky-lobsters-floundered-merrily,6426,30,30,670,2869,7,7,78
24-tidy-pigs-felt-fast,729,90,56,101,1419,51,38,120
28-comfortable-owls-kissed-loudly,269,19,19,41,194,19,18,53
29-hard-dragonflies-whimpered-fast,26565,91,91,878,19573,85,84,890
3-funny-clams-sat-merrily,20302,91,82,1119,20309,85,84,1322
31-fat-rabbits-floundered-jovially,7964,44,39,681,5547,39,35,413
31-share-stoats-married-carefully,20244,91,88,1314,17344,85,75,1076
32-careful-snails-hid-patiently,8173,90,67,595,7895,84,74,527
32-lucky-robins-hopped-cordially,12257,91,92,663,16533,85,85,829
34-deep-kingfishers-hopped-patiently,44891,91,90,1436,1430,83,59,171
34-full-hares-walked-patiently,14481,91,90,895,13847,86,86,755
34-heavy-swans-talked-easily,41397,91,92,2267,35521,85,86,1584
34-small-crows-went-carefully,525,6,7,33,11883,85,77,441
34-thick-snakes-fought-carefully,420,90,81,58,282,1,1,69
4-dapper-newts-jumped-cordially,13757,65,65,801,14059,57,58,881
5-noisy-bats-drove-easily,18,3,4,6,3109,86,79,347
7-large-stoats-drove-loudly,2406,87,33,102,4586,50,45,183
7-old-frogs-drove-merrily,243,6,7,31,2841,84,58,125
7-whole-greg-played-eagerly,4221,91,56,228,6236,86,76,361
9-brave-sheep-knitted-loudly,11008,90,88,514,3096,71,57,285
10-hungry-frogs-loitered-carefully,12925,91,90,359,9184,84,85,300
11-fat-rooks-drove-quickly,13663,91,92,707,14517,84,83,672
12-bad-kingfishers-cuddled-easily,10508,89,47,591,3854,83,60,262
13-dark-newts-ran-quickly,5384,32,32,323,2490,11,12,152
14-sour-oysters-listened-merrily,3527,90,42,198,982,29,15,69
16-fast-ducks-knitted-eagerly,16166,57,39,830,3580,13,10,336
16-low-parrots-kissed-patiently,9345,90,76,537,1167,17,12,140
16-lucky-moths-sang-easily,7630,90,75,375,3788,73,61,234
17-bitter-platypuses-engaged-jovially,3937,91,92,426,4390,84,85,481
17-cute-chickens-hid-easily,8261,90,82,518,2033,83,31,197
17-free-parrots-hid-easily,6138,13,14,294,22400,49,43,680
19-fat-gerbils-married-cordially,937,42,33,55,2568,83,68,87
19-healthy-platypuses-ran-quietly,12978,91,91,677,6274,83,70,447
2-empty-bees-sat-correctly,18874,91,89,1217,11106,84,78,869
20-cool-snakes-sang-loudly,13264,37,38,578,6370,23,23,323
21-clean-rabbits-kissed-carefully,14006,91,80,652,12445,84,70,695
21-heavy-butterflies-drove-loudly,1039,90,88,148,5302,17,18,441
21-rich-newts-felt-merrily,0,0,0,0,6456,85,73,426
22-cool-parrots-whimpered-cordially,22048,91,91,1165,3242,84,29,434
24-empty-otters-hugged-quickly,2163,15,12,146,9938,62,54,524
26-dry-butterflies-loitered-easily,8692,78,55,519,2961,84,20,257
26-exciting-owls-snuggled-fast,46199,92,92,2028,27883,84,84,1341
27-old-rabbits-engaged-cordially,10127,91,86,629,6573,84,85,473
28-hard-sheep-snuggled-easily,30214,91,74,1075,2,1,1,2
29-interesting-peafowl-engaged-loudly,10168,90,87,509,6700,83,77,349
3-comfortable-butterflies-snuggled-fast,6432,91,83,466,17670,84,84,1083
3-high-crows-cried-cordially,14144,91,92,799,13350,83,84,768
30-fat-newts-talked-jovially,4930,91,89,288,3348,84,83,216
30-rich-crows-engaged-fast,6556,56,56,291,9552,51,49,330
32-strong-pigs-cuddled-easily,7945,91,72,453,9313,84,83,586
34-comfortable-dragonflies-whispered-correctly,15334,91,92,924,17492,84,85,979
34-hungry-rats-ran-easily,14847,90,72,734,10749,69,54,530
4-careful-sheep-sang-patiently,34906,91,92,1311,21008,84,85,771
4-comfortable-platypuses-drove-carefully,37,70,15,6,68,63,41,9
4-cute-sheep-played-loudly,22246,90,89,1105,8490,39,38,589
4-deep-goats-went-easily,14269,91,91,618,16738,83,83,726
4-strong-pigeons-floundered-carefully,7066,80,42,397,9003,84,53,633
5-narrow-frogs-cried-easily,12777,91,69,372,6328,84,62,215
10-bitter-weasels-jumped-correctly,73381,91,91,276,55376,83,84,431
13-cute-horses-kissed-fast,24569,91,80,932,10720,83,44,549
15-dangerous-spiders-fought-carefully,7167,91,92,397,10495,83,82,487
15-fresh-gerbils-fought-loudly,6230,85,58,267,8268,83,84,458
17-happy-frogs-went-loudly,3286,62,63,265,1858,80,44,81
18-thirsty-starlings-hid-cordially,10063,91,76,502,4984,83,50,361
19-exciting-bees-played-correctly,19577,91,92,745,8160,83,82,374
2-high-geese-hopped-quietly,2493,13,10,221,34,1,2,7
2-low-frogs-jumped-eagerly,9466,91,88,484,7365,83,72,372
20-afraid-pigeons-hugged-cordially,2773,90,37,190,956,59,21,112
20-hungry-chickens-listened-loudly,12424,90,85,493,2066,14,14,115
20-share-dogs-whimpered-loudly,4545,91,62,359,2423,83,44,213
22-old-sparrows-sat-easily,219,84,13,15,35,73,8,5
22-useful-ferrets-married-eagerly,1279,89,24,123,1475,83,50,253
24-thirsty-peafowl-knitted-fast,231,60,13,19,156,77,12,21
25-important-oysters-listened-quickly,5219,51,50,341,2064,78,30,195
26-hard-flies-kissed-easily,10095,91,90,487,9722,83,84,432
30-cool-dogs-went-carefully,101,90,7,17,36,77,4,6
30-strong-foxes-loitered-loudly,1475,90,84,165,1112,73,20,83
30-strong-sheep-hugged-fast,12823,91,80,672,18934,83,71,858
31-whole-owls-jumped-patiently,8137,85,70,427,5004,83,55,376
33-quick-stoats-hugged-patiently,1451,12,13,92,1314,83,64,99
5-polite-badgers-hopped-merrily,9415,90,91,477,7281,62,57,524
7-weak-dragonflies-whimpered-carefully,21838,90,90,1223,17091,84,81,943
8-bright-robins-felt-easily,15319,91,92,885,30308,83,83,1610
9-great-parrots-whimpered-merrily,16846,91,87,588,7108,83,70,330
9-hungry-frogs-knitted-patiently,2499,91,46,174,3824,81,58,179
10-polite-goats-talked-easily,14516,90,84,630,19753,81,73,788
11-old-platypuses-talked-eagerly,9695,90,72,340,2519,82,32,130
14-clear-pikes-floundered-quietly,5743,48,40,286,2982,31,26,141
18-soft-clams-hugged-easily,13916,91,92,1007,8104,82,80,590
21-busy-gerbils-sat-correctly,10942,69,70,590,21432,82,83,1012
22-cloudy-horses-talked-eagerly,9536,64,62,411,9797,82,82,475
25-fast-sparrows-sang-quickly,0,0,0,0,33,83,8,13
26-short-weasels-played-merrily,21745,89,65,387,1621,81,38,83
26-slow-moths-cried-quietly,1386,91,47,70,690,82,31,36
29-happy-horses-listened-loudly,13672,90,89,334,8138,59,57,251
31-light-pigs-ran-quietly,17384,73,73,673,21762,82,83,774
10-early-hares-hopped-quickly,2554,15,15,183,7011,81,82,417
12-fat-rooks-whimpered-loudly,24709,90,91,1017,799,5,5,54
13-whole-weasels-kissed-cordially,41455,91,92,1565,3354,81,28,342
14-long-hawks-jumped-merrily,12460,91,90,478,1520,81,25,88
16-tidy-ducks-danced-eagerly,14501,91,91,728,2615,81,79,136
16-windy-dragonflies-played-carefully,8871,78,79,383,3262,53,53,193
18-narrow-moles-sat-cordially,7931,91,84,342,4474,81,68,279
21-flat-flies-loitered-correctly,17337,89,67,584,7505,81,82,467
22-thick-parrots-walked-quietly,3993,26,27,352,5446,81,72,415
30-deep-moles-walked-correctly,10006,91,91,681,3778,81,73,274
31-sour-parrots-sang-fast,1102,88,46,64,3,1,1,2
32-bitter-lobsters-snuggled-merrily,3403,91,88,234,1701,81,50,182
33-narrow-robins-whispered-cordially,10861,90,84,424,3360,25,25,174
6-sad-bees-talked-cordially,530,10,10,130,4422,81,76,524
7-fine-cockles-hopped-jovially,5392,54,55,269,917,14,15,102
9-clean-rooks-cried-quietly,10943,91,85,627,8698,81,71,560
19-free-newts-floundered-loudly,5523,25,26,317,25295,80,81,815
20-cool-deer-walked-carefully,9369,91,62,652,1506,78,19,191
27-dead-snakes-played-merrily,3543,90,88,275,1147,78,17,88
34-dead-owls-played-easily,0,0,0,0,3036,78,59,274
30-bitter-greg-cuddled-fast,10785,91,80,484,2851,69,57,163
8-great-hawks-fought-carefully,0,0,0,0,19351,69,70,748
22-short-clams-danced-merrily,2323,87,32,147,5424,65,56,366
24-great-bees-ran-loudly,0,0,0,0,6694,63,58,457
25-deep-ferrets-cried-easily,25454,57,57,1001,15855,54,54,641
30-warm-butterflies-floundered-merrily,8649,91,89,689,3978,50,48,337
29-exciting-oysters-loitered-patiently,2119,84,47,256,1056,41,11,134
13-light-frogs-ran-easily,0,0,0,0,3912,37,35,144
16-proud-hedgehogs-kissed-cordially,0,0,0,0,3323,32,25,249
18-hungry-cockles-kissed-fast,0,0,0,0,8482,28,28,445
33-short-ducks-floundered-easily,4248,80,70,280,4018,22,22,197
13-famous-pigs-married-patiently,14259,91,59,603,1199,19,5,104
11-warm-platypuses-fought-carefully,0,0,0,0,2671,19,18,189
24-sad-pigeons-walked-cordially,2621,14,14,189,3,1,1,2
7-clean-dragonflies-sat-fast,0,0,0,0,5957,16,17,277
20-sad-bats-loitered-jovially,1645,9,10,75,2873,14,12,65
25-full-doves-played-patiently,0,0,0,0,1721,8,9,110
30-cool-chickens-drove-quickly,2186,82,38,168,438,7,4,47
10-cool-starlings-snuggled-jovially,17643,41,41,736,0,0,0,0
10-heavy-gerbils-married-fast,32784,90,91,896,0,0,0,0
10-heavy-salmons-hid-correctly,5294,87,66,303,0,0,0,0
10-lazy-platypuses-danced-patiently,17831,91,91,415,0,0,0,0
10-salty-snails-whimpered-correctly,2197,23,24,97,0,0,0,0
11-bitter-lobsters-kissed-loudly,2620,12,11,213,0,0,0,0
11-clear-mice-knitted-eagerly,3897,90,90,258,0,0,0,0
11-dark-clams-walked-correctly,2870,13,14,192,0,0,0,0
11-fair-guinea-pigs-walked-merrily,3165,90,84,148,0,0,0,0
11-fresh-oysters-whimpered-easily,41367,91,90,808,0,0,0,0
11-full-crows-played-patiently,3305,11,12,117,0,0,0,0
11-interesting-robins-danced-correctly,120,81,11,33,0,0,0,0
11-sweet-bats-whimpered-cordially,2315,11,12,149,0,0,0,0
11-sweet-herons-ran-correctly,959,87,9,96,0,0,0,0
12-afraid-moths-played-quietly,6557,90,88,420,0,0,0,0
12-cheap-toads-hid-patiently,18934,90,90,717,0,0,0,0
12-dark-dogs-played-merrily,1852,90,91,142,0,0,0,0
12-early-goats-whimpered-jovially,2346,11,10,119,0,0,0,0
12-famous-toads-felt-loudly,8449,90,89,399,0,0,0,0
12-fine-badgers-kissed-quickly,3653,90,41,215,0,0,0,0
12-healthy-lobsters-hid-easily,7023,84,68,599,0,0,0,0
12-interesting-geese-ran-jovially,27597,90,91,2139,0,0,0,0
12-lazy-parrots-fought-carefully,1347,31,16,83,0,0,0,0
12-noisy-rabbits-whispered-cordially,25380,90,83,1288,0,0,0,0
12-proud-oysters-knitted-easily,27368,79,79,1606,0,0,0,0
12-short-ferrets-listened-jovially,540,46,28,62,0,0,0,0
12-windy-weasels-went-carefully,8665,91,38,540,0,0,0,0
13-able-ferrets-whimpered-quickly,5053,90,76,290,0,0,0,0
13-clever-clams-listened-loudly,15202,36,36,532,0,0,0,0
13-comfortable-toads-whimpered-quietly,3331,33,28,209,0,0,0,0
13-early-deer-whispered-loudly,5521,89,82,354,0,0,0,0
13-exciting-donkeys-whispered-quickly,3163,90,69,291,0,0,0,0
13-important-toads-cuddled-easily,16864,90,80,720,0,0,0,0
13-near-newts-went-quickly,11429,49,50,385,0,0,0,0
13-weak-crows-hopped-quietly,1908,132,10,50,0,0,0,0
13-weak-platypuses-loitered-eagerly,517,2,2,48,0,0,0,0
13-whole-bees-went-eagerly,4870,90,63,396,0,0,0,0
14-dirty-cattle-sang-quickly,22589,90,82,870,0,0,0,0
14-expensive-dragonflies-cried-easily,8562,90,80,526,0,0,0,0
14-free-badgers-drove-cordially,5172,90,88,473,0,0,0,0
14-free-owls-fought-correctly,13230,90,90,651,0,0,0,0
14-high-snakes-talked-quietly,10961,90,89,503,0,0,0,0
14-kind-moles-whimpered-correctly,11324,90,91,415,0,0,0,0
14-loud-stoats-loitered-eagerly,14294,90,82,914,0,0,0,0
14-near-newts-whimpered-correctly,5166,90,79,329,0,0,0,0
14-noisy-doves-snuggled-loudly,134,83,4,11,0,0,0,0
14-slow-oysters-fought-easily,9562,90,91,426,0,0,0,0
15-careful-flies-kissed-cordially,11996,90,90,473,0,0,0,0
15-cold-crows-whimpered-patiently,4744,90,61,359,0,0,0,0
15-cool-squirrels-married-jovially,2813,90,21,127,0,0,0,0
15-dangerous-deer-felt-jovially,12966,90,91,559,0,0,0,0
15-funny-parrots-ran-carefully,475,48,38,85,0,0,0,0
15-high-hawks-floundered-patiently,3721,89,57,250,0,0,0,0
15-important-hawks-danced-correctly,10813,90,79,758,0,0,0,0
15-light-sheep-whimpered-quietly,5217,17,17,227,0,0,0,0
15-old-otters-cried-jovially,12320,41,42,371,0,0,0,0
15-strong-otters-whispered-easily,26195,67,29,434,0,0,0,0
15-sweet-moles-fought-cordially,4000,47,33,200,0,0,0,0
15-useful-pigeons-hugged-correctly,16336,91,91,723,0,0,0,0
15-weak-snails-talked-easily,15,1,1,6,0,0,0,0
16-brave-rabbits-floundered-cordially,331,22,2,42,0,0,0,0
16-dapper-pikes-drove-correctly,2190,17,18,179,0,0,0,0
16-expensive-salmons-hugged-quietly,9222,90,90,465,0,0,0,0
16-flat-doves-married-quickly,13637,65,44,739,0,0,0,0
16-free-owls-fought-carefully,7176,91,78,392,0,0,0,0
16-light-parrots-went-easily,3440,69,14,218,0,0,0,0
16-quiet-horses-hopped-easily,1542,90,82,222,0,0,0,0
16-salty-swans-jumped-quickly,23693,90,84,616,0,0,0,0
16-whole-chickens-hopped-carefully,12626,81,81,1167,0,0,0,0
17-afraid-rabbits-jumped-carefully,2101,41,27,138,0,0,0,0
17-careful-newts-loitered-jovially,9379,90,81,557,0,0,0,0
17-clever-mice-talked-jovially,8114,59,56,675,0,0,0,0
17-close-lobsters-sat-jovially,5355,90,39,293,0,0,0,0
17-cold-rats-fought-loudly,14572,90,71,852,0,0,0,0
17-fair-parrots-hugged-correctly,33033,90,83,833,0,0,0,0
17-funny-stoats-jumped-eagerly,826,7,5,76,0,0,0,0
17-hungry-flies-jumped-loudly,36166,90,91,1549,0,0,0,0
17-kind-rabbits-ran-carefully,2781,90,70,154,0,0,0,0
18-bitter-herons-hopped-loudly,23796,90,90,972,0,0,0,0
18-clear-frogs-listened-merrily,4154,90,76,218,0,0,0,0
18-dirty-peafowl-played-jovially,12219,90,90,504,0,0,0,0
18-early-snakes-went-jovially,9098,57,32,380,0,0,0,0
18-exciting-rabbits-drove-patiently,6458,51,43,309,0,0,0,0
18-expensive-doves-kissed-easily,7963,90,89,339,0,0,0,0
18-great-stoats-whimpered-quickly,360,2,2,46,0,0,0,0
18-hard-hawks-walked-cordially,3,1,1,2,0,0,0,0
18-hungry-deer-jumped-cordially,5769,60,40,368,0,0,0,0
18-old-parrots-kissed-quietly,4352,91,89,281,0,0,0,0
18-quick-ferrets-hopped-cordially,3389,90,61,231,0,0,0,0
18-safe-crabs-felt-quietly,25982,91,89,961,0,0,0,0
18-small-moles-hugged-cordially,9237,90,61,722,0,0,0,0
18-useful-sparrows-married-loudly,2143,79,79,136,0,0,0,0
19-clear-rooks-played-fast,23350,90,89,1129,0,0,0,0
19-healthy-kingfishers-played-jovially,4612,56,33,198,0,0,0,0
19-slow-frogs-kissed-loudly,30043,90,90,1423,0,0,0,0
19-sweet-snakes-knitted-easily,18989,91,85,682,0,0,0,0
2-empty-badgers-danced-patiently,6365,15,16,96,0,0,0,0
2-flat-sparrows-whispered-cordially,10147,92,92,537,0,0,0,0
2-hungry-badgers-played-eagerly,1210,74,25,136,0,0,0,0
2-sad-mice-talked-carefully,630,13,10,101,0,0,0,0
2-strong-ants-hugged-eagerly,17859,90,91,500,0,0,0,0
2-tidy-ducks-danced-carefully,16648,41,35,506,0,0,0,0
2-windy-newts-walked-carefully,3984,66,38,216,0,0,0,0
20-cheap-gerbils-danced-quickly,92,15,13,33,0,0,0,0
20-clever-goats-walked-carefully,29604,90,83,825,0,0,0,0
20-clever-rooks-played-quickly,10281,90,88,589,0,0,0,0
20-dirty-ants-played-quickly,6436,30,31,426,0,0,0,0
20-famous-moths-hid-correctly,3840,90,76,448,0,0,0,0
20-fat-weasels-cuddled-jovially,11470,91,82,694,0,0,0,0
20-healthy-bats-snuggled-eagerly,21620,87,74,748,0,0,0,0
20-healthy-goats-hid-merrily,6294,90,77,433,0,0,0,0
20-old-starlings-loitered-jovially,1953,89,47,120,0,0,0,0
20-share-badgers-married-correctly,3490,90,87,247,0,0,0,0
20-thirsty-sparrows-felt-patiently,1128,90,79,86,0,0,0,0
20-whole-pigeons-whimpered-carefully,9706,89,83,405,0,0,0,0
21-bitter-frogs-whimpered-eagerly,4110,23,23,362,0,0,0,0
21-clear-weasels-sang-quietly,810,8,8,67,0,0,0,0
21-expensive-dragonflies-felt-quickly,10254,90,91,459,0,0,0,0
21-fair-salmons-hopped-cordially,4777,49,40,357,0,0,0,0
21-famous-weasels-cuddled-fast,20583,91,91,622,0,0,0,0
21-funny-badgers-went-carefully,3605,59,37,218,0,0,0,0
21-happy-stoats-drove-correctly,7499,89,80,936,0,0,0,0
21-kind-parrots-cuddled-quietly,11676,90,90,450,0,0,0,0
21-long-goats-ran-easily,5048,90,71,228,0,0,0,0
21-polite-deer-engaged-fast,2924,90,50,217,0,0,0,0
21-sad-dogs-felt-correctly,1063,90,90,129,0,0,0,0
21-sad-pikes-cried-fast,5778,90,71,552,0,0,0,0
21-sour-salmons-cuddled-merrily,5886,21,21,333,0,0,0,0
21-strong-snails-played-jovially,3787,89,42,132,0,0,0,0
22-careful-donkeys-walked-easily,4399,90,87,278,0,0,0,0
22-cheap-greg-hugged-merrily,3686,90,75,278,0,0,0,0
22-funny-horses-hid-fast,8382,90,91,537,0,0,0,0
22-healthy-chickens-loitered-merrily,2240,22,22,142,0,0,0,0
22-share-moths-went-correctly,6475,90,11,142,0,0,0,0
22-share-oysters-ran-quickly,37627,91,86,1614,0,0,0,0
22-slow-crows-hugged-jovially,6121,90,91,337,0,0,0,0
22-strong-dragonflies-loitered-merrily,8249,90,68,486,0,0,0,0
22-strong-kingfishers-fought-patiently,1602,90,91,124,0,0,0,0
23-careful-otters-went-merrily,8982,90,90,555,0,0,0,0
23-comfortable-peafowl-cried-cordially,22389,91,91,756,0,0,0,0
23-comfortable-rabbits-engaged-easily,4025,20,20,380,0,0,0,0
23-cute-herons-cried-loudly,10456,91,32,475,0,0,0,0
23-dangerous-mussles-ran-loudly,2548,8,9,40,0,0,0,0
23-dark-kingfishers-jumped-quickly,8032,90,90,367,0,0,0,0
23-famous-parrots-felt-loudly,3093,85,24,217,0,0,0,0
23-lucky-robins-sang-patiently,7445,90,90,456,0,0,0,0
23-quiet-dogs-cried-eagerly,13514,90,91,605,0,0,0,0
24-clever-greg-whimpered-patiently,11975,91,90,754,0,0,0,0
24-expensive-hares-sat-loudly,2087,91,62,125,0,0,0,0
24-fair-ferrets-knitted-correctly,5864,84,57,604,0,0,0,0
24-fine-peafowl-floundered-patiently,4913,18,18,254,0,0,0,0
24-fresh-ducks-whimpered-correctly,11972,90,85,532,0,0,0,0
24-fresh-geese-listened-merrily,18087,91,86,802,0,0,0,0
24-fresh-salmons-walked-quickly,9569,90,55,575,0,0,0,0
24-great-guinea-pigs-whimpered-fast,974,21,22,71,0,0,0,0
24-hungry-chickens-cried-quietly,31199,90,91,1405,0,0,0,0
24-hungry-dragonflies-whimpered-loudly,7922,90,73,385,0,0,0,0
24-loud-badgers-hugged-carefully,2929,51,37,200,0,0,0,0
24-proud-butterflies-felt-carefully,9459,91,77,425,0,0,0,0
24-proud-crows-whimpered-correctly,17824,88,68,781,0,0,0,0
24-soft-pigeons-danced-easily,8456,26,26,448,0,0,0,0
24-sweet-herons-hopped-cordially,63916,91,91,3700,0,0,0,0
25-bright-frogs-walked-patiently,1736,90,52,200,0,0,0,0
25-cute-donkeys-hopped-quickly,25829,90,90,917,0,0,0,0
25-dangerous-crows-sang-easily,7927,90,41,345,0,0,0,0
25-difficult-rabbits-sat-cordially,5166,37,34,309,0,0,0,0
25-early-hares-married-cordially,2720,28,24,158,0,0,0,0
25-fair-ducks-knitted-easily,4118,36,26,644,0,0,0,0
25-great-dogs-ran-jovially,4512,89,79,369,0,0,0,0
25-sweet-donkeys-cried-correctly,3717,19,5,162,0,0,0,0
25-thick-salmons-engaged-easily,6547,28,23,322,0,0,0,0
25-tidy-donkeys-hid-quickly,2981,83,37,132,0,0,0,0
26-clever-herons-danced-quietly,13798,90,82,1294,0,0,0,0
26-close-stoats-sang-quickly,1181,11,10,77,0,0,0,0
26-cute-crabs-played-easily,2392,88,61,90,0,0,0,0
26-difficult-rats-sat-quietly,5352,89,68,650,0,0,0,0
26-fair-owls-whimpered-merrily,24650,91,91,1624,0,0,0,0
26-fine-sheep-fought-cordially,9736,90,91,518,0,0,0,0
26-high-doves-hugged-easily,4406,87,51,309,0,0,0,0
26-light-kingfishers-married-fast,6147,90,60,427,0,0,0,0
26-narrow-crows-snuggled-easily,11388,91,90,483,0,0,0,0
26-sad-dogs-floundered-patiently,5101,67,68,330,0,0,0,0
26-short-weasels-played-cordially,23256,90,91,741,0,0,0,0
26-strong-sparrows-played-patiently,5612,19,19,362,0,0,0,0
26-warm-horses-whimpered-fast,14095,90,53,1083,0,0,0,0
27-brave-bees-hopped-merrily,5618,73,74,522,12,1,1,5
27-cheap-dogs-sang-jovially,27293,90,83,1139,0,0,0,0
27-dapper-cattle-felt-patiently,21471,90,91,1079,0,0,0,0
27-free-doves-listened-loudly,7609,52,46,656,0,0,0,0
27-old-hawks-engaged-cordially,2527,90,66,294,0,0,0,0
27-salty-starlings-sang-easily,70633,90,73,461,0,0,0,0
27-sweet-greg-kissed-cordially,8879,88,67,511,0,0,0,0
28-famous-donkeys-played-merrily,14406,71,71,841,0,0,0,0
28-free-mice-played-fast,9161,91,91,620,0,0,0,0
28-free-snakes-talked-merrily,4927,90,79,261,0,0,0,0
28-hard-kingfishers-engaged-merrily,9702,36,37,465,0,0,0,0
28-interesting-stoats-hid-easily,739,8,8,80,0,0,0,0
28-quick-stoats-hugged-cordially,22140,90,91,866,0,0,0,0
28-sweet-pigs-cried-easily,5855,90,84,290,0,0,0,0
28-thirsty-hedgehogs-hugged-correctly,1901,90,26,149,0,0,0,0
29-afraid-rooks-cried-carefully,7249,91,91,449,0,0,0,0
29-dead-platypuses-danced-quietly,6743,90,90,412,0,0,0,0
29-great-lobsters-jumped-fast,9909,90,91,634,0,0,0,0
29-high-doves-kissed-correctly,12748,90,90,578,0,0,0,0
29-sweet-dragonflies-went-carefully,5481,26,26,291,0,0,0,0
29-thick-otters-played-patiently,5601,90,86,394,0,0,0,0
29-thirsty-ants-sang-easily,13920,90,63,572,0,0,0,0
29-thirsty-hares-kissed-fast,7846,15,15,359,0,0,0,0
29-windy-swans-cuddled-easily,9872,90,82,582,0,0,0,0
3-dapper-foxes-floundered-jovially,6318,90,89,552,0,0,0,0
3-dead-crabs-cuddled-loudly,2833,17,16,263,0,0,0,0
3-deep-pigeons-engaged-patiently,11854,89,85,583,0,0,0,0
3-difficult-cockles-married-fast,2124,54,45,128,0,0,0,0
3-early-peafowl-ran-easily,29201,51,52,1707,0,0,0,0
3-free-weasels-whimpered-easily,15532,91,90,726,0,0,0,0
3-healthy-cockles-sat-quickly,23424,90,91,638,0,0,0,0
3-large-clams-hugged-easily,9124,46,40,826,0,0,0,0
3-light-hawks-snuggled-loudly,1498,10,11,99,0,0,0,0
3-noisy-peafowl-played-patiently,3942,21,18,239,0,0,0,0
3-proud-mice-married-loudly,12765,78,78,408,0,0,0,0
30-able-snakes-cried-quickly,2491,8,9,211,0,0,0,0
30-bitter-goats-snuggled-correctly,21055,90,84,555,0,0,0,0
30-clean-moles-went-jovially,10431,90,91,537,0,0,0,0
30-cloudy-clams-cuddled-easily,18274,91,61,1139,0,0,0,0
30-cute-herons-drove-carefully,4280,73,73,286,0,0,0,0
30-dangerous-moths-sat-easily,5526,85,39,398,0,0,0,0
30-difficult-mussles-went-patiently,7487,90,74,427,0,0,0,0
30-healthy-badgers-sat-jovially,2494,84,79,207,0,0,0,0
30-healthy-kingfishers-fought-carefully,11179,90,81,590,0,0,0,0
30-large-salmons-ran-jovially,7787,88,87,443,0,0,0,0
30-noisy-pheasants-played-quickly,32125,82,58,723,0,0,0,0
30-strong-ants-whimpered-patiently,18301,46,46,2252,0,0,0,0
30-tidy-chickens-snuggled-easily,4023,91,66,314,0,0,0,0
31-afraid-pigeons-hid-quickly,6182,90,54,351,0,0,0,0
31-bad-guinea-pigs-jumped-fast,14781,76,72,506,0,0,0,0
31-cloudy-mice-drove-merrily,79,84,13,16,0,0,0,0
31-free-deer-whispered-easily,4576,91,69,228,0,0,0,0
31-important-moles-drove-loudly,8438,90,89,408,0,0,0,0
31-loud-deer-played-correctly,33192,90,91,1512,0,0,0,0
31-lucky-cattle-hugged-loudly,4104,90,78,307,0,0,0,0
31-noisy-cattle-engaged-quickly,5759,90,87,530,0,0,0,0
31-windy-hedgehogs-engaged-eagerly,10808,90,90,244,0,0,0,0
32-able-cockles-fought-carefully,8756,90,76,520,0,0,0,0
32-afraid-swans-snuggled-correctly,35257,90,91,1012,0,0,0,0
32-comfortable-kingfishers-listened-carefully,5497,29,22,284,0,0,0,0
32-cool-otters-went-patiently,5765,90,80,489,0,0,0,0
32-early-goats-snuggled-easily,8602,87,58,470,0,0,0,0
32-fine-cattle-kissed-loudly,108,89,3,14,0,0,0,0
32-full-herons-snuggled-easily,1938,90,55,171,0,0,0,0
32-good-ducks-jumped-fast,11953,90,89,516,0,0,0,0
32-healthy-pigs-married-merrily,5155,90,71,317,0,0,0,0
32-interesting-rabbits-felt-cordially,647,90,59,78,0,0,0,0
32-salty-sparrows-jumped-loudly,1352,90,80,102,0,0,0,0
32-share-geese-whimpered-quickly,5842,90,85,383,0,0,0,0
32-sweet-lobsters-jumped-patiently,277,72,39,60,0,0,0,0
32-whole-mussles-jumped-jovially,220,86,6,45,0,0,0,0
33-comfortable-geese-jumped-easily,1611,82,15,122,0,0,0,0
33-flat-rabbits-sang-eagerly,21033,90,91,1213,0,0,0,0
33-free-oysters-played-fast,5524,33,34,279,0,0,0,0
33-fresh-greg-loitered-jovially,14366,90,91,1053,0,0,0,0
33-healthy-rabbits-talked-quickly,16748,90,84,782,0,0,0,0
33-important-lobsters-whispered-easily,23683,90,75,1117,0,0,0,0
33-kind-snails-hugged-eagerly,3444,89,60,158,0,0,0,0
33-light-snakes-knitted-correctly,8300,90,91,361,0,0,0,0
33-near-otters-whimpered-patiently,257,12,11,36,0,0,0,0
33-slow-oysters-kissed-eagerly,9307,90,89,901,0,0,0,0
33-thick-frogs-married-loudly,1450,2,3,56,0,0,0,0
34-brave-rooks-loitered-carefully,10224,89,72,415,0,0,0,0
34-difficult-peafowl-talked-easily,15519,90,87,921,0,0,0,0
34-funny-guinea-pigs-played-cordially,8647,89,72,474,0,0,0,0
34-good-peafowl-played-jovially,6975,90,87,344,0,0,0,0
34-happy-chickens-drove-easily,12111,90,86,571,0,0,0,0
34-long-snakes-hugged-correctly,2064,80,49,96,0,0,0,0
34-narrow-doves-whimpered-quickly,6320,90,88,307,0,0,0,0
34-noisy-ferrets-played-easily,2137,90,20,65,0,0,0,0
34-slow-stoats-floundered-easily,3881,89,68,308,0,0,0,0
34-strong-salmons-floundered-fast,3019,91,35,349,0,0,0,0
34-thick-horses-felt-easily,25286,90,91,1311,0,0,0,0
4-bad-otters-danced-easily,3433,22,22,234,0,0,0,0
4-dark-crows-talked-cordially,11975,91,85,535,0,0,0,0
4-expensive-ants-sat-quickly,9580,90,79,590,0,0,0,0
4-famous-pigs-hid-correctly,10491,90,89,690,0,0,0,0
4-famous-platypuses-whispered-easily,5924,86,73,220,0,0,0,0
4-great-sparrows-hopped-quickly,14838,89,77,492,0,0,0,0
4-hungry-foxes-loitered-cordially,14853,91,90,743,0,0,0,0
4-narrow-ferrets-felt-easily,6738,90,75,276,0,0,0,0
4-strong-frogs-felt-cordially,6860,90,89,492,0,0,0,0
5-busy-moths-played-carefully,6253,10,10,411,0,0,0,0
5-comfortable-moths-fought-cordially,1723,50,39,142,0,0,0,0
5-dapper-frogs-hopped-carefully,21289,90,89,762,0,0,0,0
5-noisy-guinea-pigs-played-easily,7383,90,67,471,0,0,0,0
5-old-frogs-walked-easily,13308,90,90,515,0,0,0,0
5-share-bees-knitted-loudly,4815,91,80,347,0,0,0,0
5-soft-weasels-felt-correctly,2006,90,85,148,0,0,0,0
6-clean-pigeons-felt-eagerly,6031,90,64,266,0,0,0,0
6-close-pheasants-knitted-easily,13389,90,89,608,0,0,0,0
6-dapper-clams-hopped-carefully,17107,90,88,950,0,0,0,0
6-dapper-rabbits-went-eagerly,5969,91,62,584,0,0,0,0
6-dirty-sheep-hugged-quickly,10998,90,90,580,0,0,0,0
6-famous-sparrows-talked-quickly,5356,90,89,244,0,0,0,0
6-fat-lobsters-talked-easily,8659,70,68,502,0,0,0,0
6-fine-salmons-hid-jovially,48137,90,91,1579,0,0,0,0
6-heavy-frogs-played-jovially,2168,82,39,156,0,0,0,0
6-lazy-snails-whispered-correctly,5245,90,65,380,0,0,0,0
6-salty-guinea-pigs-hid-merrily,20383,91,91,892,0,0,0,0
7-able-snakes-kissed-easily,56135,90,82,1192,0,0,0,0
7-cold-oysters-loitered-correctly,5425,28,29,563,0,0,0,0
7-difficult-hawks-cuddled-carefully,4400,90,61,174,0,0,0,0
7-great-sheep-sat-patiently,15353,90,87,748,0,0,0,0
7-noisy-newts-hugged-correctly,10903,90,60,413,0,0,0,0
7-rich-dogs-sang-easily,1192,84,40,57,0,0,0,0
7-strong-salmons-snuggled-jovially,5551,90,58,336,0,0,0,0
8-bitter-pigeons-sat-carefully,1573,90,64,174,0,0,0,0
8-cloudy-butterflies-floundered-patiently,10572,90,91,481,0,0,0,0
8-cloudy-horses-sat-easily,10142,90,86,633,0,0,0,0
8-comfortable-ants-whispered-fast,2307,13,14,224,0,0,0,0
8-dapper-moths-whimpered-easily,5566,90,85,369,0,0,0,0
8-early-squirrels-danced-easily,16697,90,91,893,0,0,0,0
8-great-gerbils-knitted-loudly,0,0,0,0,98,1,1,17
8-low-kingfishers-sang-quickly,6197,91,46,382,0,0,0,0
8-polite-greg-snuggled-correctly,73,87,15,14,0,0,0,0
8-slow-ferrets-whimpered-quietly,7792,90,87,340,0,0,0,0
8-thick-crows-married-easily,23262,90,91,929,0,0,0,0
9-cold-salmons-snuggled-carefully,18498,90,91,915,0,0,0,0
9-cool-toads-hid-easily,1819,10,10,183,0,0,0,0
9-deep-ferrets-engaged-quietly,1430,91,73,67,0,0,0,0
9-dry-foxes-hugged-correctly,2006,25,26,122,0,0,0,0
9-free-oysters-loitered-loudly,5761,90,78,365,0,0,0,0
9-full-peafowl-knitted-quickly,4142,90,42,269,0,0,0,0
9-hard-foxes-hugged-loudly,12599,91,90,609,0,0,0,0
9-healthy-pigs-knitted-merrily,103,119,4,23,0,0,0,0
9-hungry-peafowl-hugged-easily,11958,90,82,483,0,0,0,0
9-loud-dragonflies-cuddled-eagerly,21630,91,80,1325,0,0,0,0
9-low-pheasants-floundered-cordially,28851,90,79,1248,0,0,0,0
9-lucky-toads-cried-carefully,8649,90,74,629,0,0,0,0
9-strong-clams-talked-easily,3169,91,37,209,0,0,0,0
9-weak-flies-played-cordially,10116,91,87,208,0,0,0,0
bully-Hunter-69,846,12,6,90,0,0,0,0
10-free-lobsters-engaged-quickly,9785,90,28,679,0,0,0,0
12-cool-greg-danced-loudly,3659,90,64,181,0,0,0,0
15-cool-salmons-cuddled-quietly,3332,89,39,241,0,0,0,0
15-dangerous-dragonflies-hugged-quietly,13425,28,25,448,0,0,0,0
17-salty-cockles-played-carefully,10753,91,85,525,0,0,0,0
21-hard-clams-felt-eagerly,2214,29,14,164,0,0,0,0
23-fresh-toads-sang-fast,3789,84,29,404,0,0,0,0
23-good-oysters-jumped-easily,1,1,1,1,0,0,0,0
23-heavy-cattle-kissed-quickly,13232,87,70,774,0,0,0,0
24-dead-sheep-sat-carefully,15690,67,67,715,0,0,0,0
24-flat-robins-engaged-carefully,4275,44,43,288,0,0,0,0
27-proud-mussles-drove-loudly,3011,80,47,255,0,0,0,0
3-flat-herons-cuddled-patiently,4324,90,57,348,0,0,0,0
31-fair-crows-listened-quietly,7747,17,17,457,0,0,0,0
33-cheap-owls-hid-fast,5815,89,44,357,0,0,0,0
34-clear-foxes-knitted-cordially,1942,88,26,193,0,0,0,0
5-lucky-dogs-sang-easily,3981,89,55,226,0,0,0,0
6-free-crabs-whispered-patiently,1881,19,8,255,0,0,0,0
7-near-oysters-talked-jovially,2379,90,61,152,0,0,0,0
8-hard-rabbits-knitted-easily,5029,87,47,279,0,0,0,0